/*******************************************************************************
 * Size: 64 px
 * Bpp: 4
 * Opts: --font weathericons-regular-webfont.ttf -r 0xf00d,0xf00c,0xf086,0xf002,0xf031,0xf07d,0xf07e,0xf008,0xf036,0xf009,0xf037,0xf010,0xf03b,0xf00a,0xf038,0xf003,0xf04a,0xf051,0xf052,0xf050,0xf07a,0xf02e --size 64 --bpp 4 --format lvgl --lv-font-name font_weather_icons_64 -o font_weather_icons_64.c
 ******************************************************************************/

/* lv_font_conv's template picks between "lvgl.h" and "lvgl/lvgl.h" based on
 * LV_LVGL_H_INCLUDE_SIMPLE, which nothing in this project defines - just
 * include it directly, same as every other file here (e.g. ui_internal.h,
 * ui_weather_icons.h) that relies on the lvgl component's own include path
 * putting "lvgl.h" within reach. */
#include "lvgl.h"

#ifndef FONT_WEATHER_ICONS_64
#define FONT_WEATHER_ICONS_64 1
#endif

#if FONT_WEATHER_ICONS_64

/*-----------------
 *    BITMAPS
 *----------------*/

/*Store the image of the glyphs*/
static LV_ATTRIBUTE_LARGE_CONST const uint8_t glyph_bitmap[] = {
    /* U+F002 "" */
    0x0, 0xff, 0xf4, 0x25, 0xd9, 0x80, 0x3f, 0xff,
    0xe0, 0x1f, 0xe3, 0xb4, 0x44, 0xb8, 0x7, 0xff,
    0xfc, 0x3, 0xfa, 0x80, 0x35, 0x0, 0x7f, 0xff,
    0xc0, 0x3f, 0x8c, 0x3, 0x18, 0x7, 0xff, 0xfc,
    0x3, 0xff, 0xfe, 0x1, 0xff, 0xff, 0x0, 0xff,
    0xff, 0x80, 0x7f, 0xff, 0xc0, 0x3f, 0xff, 0xe0,
    0x1f, 0xff, 0x32, 0x10, 0xf, 0xff, 0x0, 0x90,
    0x7, 0xff, 0x70, 0x73, 0x7a, 0xc4, 0x3, 0xff,
    0x8a, 0x40, 0x18, 0x80, 0x3f, 0xf8, 0xd1, 0xdb,
    0xa2, 0x0, 0xff, 0xed, 0x51, 0x80, 0x13, 0x40,
    0x3f, 0xf8, 0xb4, 0x1, 0xa4, 0x3, 0xff, 0x8b,
    0x2e, 0x0, 0x2e, 0x0, 0xff, 0xed, 0x28, 0x6,
    0x3a, 0x0, 0xff, 0xe2, 0x16, 0xbb, 0xb1, 0x40,
    0x3f, 0xf8, 0x94, 0xc0, 0x18, 0xc0, 0x3f, 0xfb,
    0x44, 0x1, 0xca, 0xe0, 0x1f, 0xfc, 0x42, 0x88,
    0x18, 0x7, 0xff, 0x12, 0x94, 0x3, 0x88, 0x3,
    0xff, 0xb5, 0x0, 0x1e, 0xb0, 0xf, 0xfe, 0xbd,
    0x28, 0x7, 0xa0, 0x3, 0xff, 0xb4, 0x94, 0x1,
    0xcc, 0x1, 0xff, 0xd6, 0xa5, 0x0, 0xf4, 0xa8,
    0x7, 0xff, 0x6d, 0x68, 0x3, 0x48, 0x7, 0xff,
    0x54, 0x94, 0x3, 0xd2, 0xc0, 0x1f, 0xfd, 0xd5,
    0xd6, 0x66, 0x18, 0x7, 0xff, 0x55, 0x80, 0x3d,
    0x2c, 0x1, 0xff, 0xdf, 0x29, 0x91, 0x80, 0x7f,
    0xf0, 0xd1, 0xe2, 0x66, 0x74, 0x0, 0xff, 0x98,
    0x3, 0xa5, 0x80, 0x3f, 0xfe, 0xb, 0x7f, 0x70,
    0xec, 0xd4, 0x5f, 0xda, 0x80, 0x7e, 0x28, 0x0,
    0xa5, 0x80, 0x3f, 0xfd, 0xeb, 0xb4, 0x80, 0x1f,
    0xe4, 0xad, 0x50, 0xf, 0x9f, 0xb3, 0x98, 0x3,
    0xff, 0xdc, 0x37, 0x44, 0x1, 0xff, 0xc2, 0x2a,
    0xc2, 0x0, 0xf0, 0x98, 0x80, 0x7f, 0xf7, 0x8d,
    0xef, 0x7f, 0xee, 0xdb, 0x84, 0x0, 0xc7, 0xe8,
    0x1, 0xff, 0xc6, 0x3c, 0x40, 0xf, 0xff, 0x18,
    0xc7, 0x64, 0x21, 0x0, 0x42, 0x48, 0xf7, 0xf2,
    0x49, 0x82, 0x1, 0xff, 0xc8, 0x1b, 0x60, 0xf,
    0xff, 0x0, 0xcf, 0x38, 0x80, 0x7f, 0xf0, 0x5b,
    0x6c, 0x3, 0xe1, 0x6a, 0xde, 0xfd, 0xb7, 0x20,
    0xf, 0xa5, 0x0, 0x3f, 0xfb, 0xc9, 0xec, 0x1,
    0xff, 0xcd, 0x8e, 0x95, 0x21, 0x2, 0x48, 0xda,
    0x20, 0xf, 0x51, 0x0, 0x7f, 0xf7, 0x22, 0xc4,
    0x3, 0xff, 0x98, 0x5a, 0xe0, 0x1f, 0xe5, 0xd4,
    0x0, 0xe1, 0x90, 0xf, 0xfe, 0xdc, 0xb8, 0x7,
    0xf1, 0x22, 0xb2, 0x18, 0x7, 0xfd, 0xe4, 0x1,
    0xff, 0xc1, 0xb6, 0x0, 0xe4, 0x40, 0x7, 0xff,
    0x66, 0x58, 0x3, 0xe3, 0xae, 0xdb, 0xa9, 0xbc,
    0xfb, 0x50, 0xf, 0xde, 0x20, 0x1f, 0xfc, 0x29,
    0x40, 0xe, 0x80, 0xf, 0xfe, 0xc3, 0x30, 0x3,
    0xc7, 0x78, 0xa2, 0x1, 0xf2, 0x56, 0xa8, 0x7,
    0x8b, 0x40, 0x3f, 0xf8, 0x76, 0x20, 0x18, 0xd0,
    0x3, 0xff, 0xac, 0x72, 0x1, 0xe6, 0xc4, 0x0,
    0xff, 0xe0, 0x15, 0x48, 0x7, 0x8e, 0x0, 0x3f,
    0xf8, 0x70, 0x1, 0xda, 0x1, 0xff, 0xd6, 0xe0,
    0xf, 0x4c, 0x80, 0x3f, 0xf8, 0x8d, 0x82, 0x1,
    0xce, 0x60, 0x1f, 0xfc, 0x26, 0x10, 0xc, 0xe0,
    0x1f, 0xfd, 0x56, 0x20, 0xe, 0x86, 0x0, 0xff,
    0xe3, 0x1e, 0x80, 0x7b, 0xc0, 0x3f, 0xf8, 0x68,
    0x1, 0x84, 0x80, 0x3f, 0xfa, 0x90, 0x1, 0xca,
    0xe0, 0x1f, 0xfc, 0x83, 0xa0, 0xe, 0x33, 0x0,
    0x7f, 0xf0, 0xb0, 0x3, 0x98, 0x3, 0xcf, 0xdf,
    0xff, 0x73, 0x0, 0x7f, 0xf0, 0x94, 0x40, 0x30,
    0xd8, 0x7, 0xff, 0x29, 0x50, 0x3, 0xa0, 0x3,
    0xff, 0x84, 0x40, 0x1c, 0x40, 0x1c, 0xd0, 0x20,
    0x1f, 0xc, 0x98, 0x7, 0xff, 0x7, 0xc0, 0x3a,
    0x44, 0x3, 0xff, 0x97, 0x20, 0x1c, 0x80, 0x1f,
    0xfc, 0x27, 0x0, 0xe1, 0x0, 0xed, 0x0, 0xff,
    0xac, 0x3, 0xff, 0x82, 0xa0, 0x1c, 0xc0, 0x1f,
    0xfc, 0xc2, 0x40, 0xe, 0x50, 0xf, 0xfe, 0x38,
    0x80, 0x70, 0x80, 0x7f, 0xde, 0x1, 0xff, 0xc,
    0x0, 0x72, 0x88, 0x7, 0xff, 0x37, 0x80, 0x3a,
    0xf7, 0x2e, 0x54, 0x40, 0x3e, 0x70, 0xe, 0x30,
    0xe, 0x80, 0xf, 0xf0, 0xb0, 0x7, 0xf2, 0xe7,
    0x38, 0x7, 0x78, 0x7, 0xff, 0x39, 0x0, 0x38,
    0x48, 0xd1, 0xab, 0xb1, 0x40, 0x38, 0xc0, 0x38,
    0x40, 0x38, 0xba, 0x19, 0xbe, 0x8f, 0x10, 0xf,
    0x93, 0x68, 0xc0, 0x3e, 0x70, 0xf, 0xfe, 0x70,
    0x88, 0x3, 0xfe, 0x3a, 0xc3, 0x0, 0xac, 0x3,
    0x94, 0x3, 0xc2, 0xf3, 0x3f, 0x38, 0x80, 0x7d,
    0x16, 0x40, 0x1f, 0xc4, 0x1, 0xff, 0xcf, 0x20,
    0xf, 0xfe, 0x9, 0xe3, 0x81, 0x18, 0x6, 0x21,
    0x0, 0xff, 0xe5, 0xe3, 0x80, 0x7f, 0x88, 0x3,
    0xff, 0xa0, 0xa0, 0x1f, 0xfc, 0x38, 0xa8, 0x0,
    0xe4, 0x0, 0xff, 0xe5, 0xd9, 0x80, 0x7f, 0x1a,
    0x58, 0x7, 0xff, 0x43, 0x4c, 0xfc, 0x40, 0x1f,
    0xca, 0xa0, 0xe, 0xa0, 0xf, 0xfe, 0x54, 0xa0,
    0x7, 0x85, 0xf3, 0xf2, 0xd8, 0x3, 0xff, 0xa0,
    0x99, 0x9e, 0xdf, 0xc7, 0x0, 0xff, 0xe0, 0x21,
    0x80, 0x7f, 0xf2, 0x51, 0x80, 0x3c, 0xdf, 0x6,
    0x1, 0xff, 0xdd, 0x38, 0xe5, 0x0, 0xff, 0x78,
    0x7, 0xff, 0x2a, 0x80, 0x3d, 0x52, 0x20, 0x1f,
    0xfe, 0x11, 0xa9, 0x0, 0xfc, 0xc8, 0x1, 0xff,
    0xc9, 0x61, 0x0, 0xea, 0x50, 0xf, 0xff, 0x2b,
    0x48, 0x7, 0x8a, 0x40, 0x3f, 0xf9, 0x56, 0x1,
    0xce, 0xa0, 0x1f, 0xfe, 0x76, 0x60, 0x7, 0x18,
    0x7, 0xff, 0x28, 0xc8, 0x3, 0xc, 0x0, 0x7f,
    0xfa, 0x60, 0x40, 0x30, 0x98, 0x7, 0xff, 0x25,
    0x0, 0x3a, 0x40, 0x3f, 0xfd, 0x43, 0x20, 0x1d,
    0x60, 0x1f, 0xfc, 0x9c, 0x0, 0xe5, 0x0, 0xff,
    0xf5, 0xa8, 0x7, 0x20, 0x7, 0xff, 0x25, 0x80,
    0x30, 0x90, 0x7, 0xff, 0xac, 0x84, 0x3, 0x10,
    0x7, 0xff, 0x24, 0xc0, 0x31, 0x0, 0x7f, 0xfb,
    0x48, 0x3, 0x8, 0x7, 0xff, 0x24, 0x40, 0x33,
    0x80, 0x7f, 0xfb, 0x5c, 0x3, 0xff, 0xa6, 0xe0,
    0x1f, 0xfe, 0xd7, 0x0, 0xfe, 0x5d, 0xe8, 0x0,
    0xff, 0xe0, 0x90, 0x6, 0x20, 0xf, 0xff, 0x69,
    0x0, 0x61, 0x0, 0x92, 0x88, 0x5e, 0x80, 0x3f,
    0xf8, 0xc, 0x1, 0x84, 0x80, 0x3f, 0xfd, 0x64,
    0x20, 0x18, 0x80, 0x2d, 0x0, 0xcb, 0x40, 0x1f,
    0xf1, 0x80, 0x72, 0x80, 0x7f, 0xfa, 0xd0, 0x3,
    0x94, 0x3, 0xf9, 0x60, 0x3, 0xfd, 0x60, 0x1d,
    0x20, 0x1f, 0xfe, 0xb8, 0x0, 0xed, 0x0, 0xac,
    0x3, 0xce, 0x1, 0xfe, 0x31, 0x0, 0xc3, 0x0,
    0x1f, 0xfe, 0x97, 0x10, 0xc, 0x28, 0x1, 0x15,
    0x80, 0x70, 0x80, 0x7f, 0xd2, 0x1, 0xce, 0x80,
    0x1f, 0xfe, 0x74, 0x80, 0xe, 0x60, 0xe, 0x4b,
    0x0, 0xce, 0x1, 0xff, 0x38, 0x80, 0x75, 0xa0,
    0x7, 0xff, 0x94, 0xe8, 0x3, 0xd2, 0x1, 0xe4,
    0xc4, 0x37, 0x90, 0xf, 0xfe, 0x5, 0x80, 0x7a,
    0xdc, 0x3, 0xff, 0xc6, 0xd8, 0x20, 0x1d, 0x22,
    0x1, 0xf1, 0xde, 0x40, 0x7, 0xff, 0x5, 0x54,
    0x1, 0xe8, 0xd5, 0x0, 0xff, 0xef, 0xae, 0xc8,
    0x7, 0x91, 0x80, 0x3f, 0xf9, 0xd4, 0x60, 0x1e,
    0x2a, 0xfc, 0xa9, 0x88, 0xff, 0xeb, 0xcd, 0x67,
    0xd1, 0x0, 0x78, 0xac, 0x3, 0xff, 0xa1, 0xa6,
    0x1, 0xf8, 0xd5, 0x9d, 0xff, 0xfa, 0xec, 0xa6,
    0x1, 0xf8, 0xf0, 0x3, 0xff, 0xa2, 0x38, 0xa0,
    0x1f, 0xfe, 0xb4, 0xc1, 0x0, 0xff, 0xe9, 0xd5,
    0x4, 0x3, 0xff, 0xce, 0x35, 0x60, 0x1f, 0xfd,
    0x65, 0xe8, 0x10, 0xf, 0xff, 0x18, 0xc7, 0x28,
    0x7, 0xff, 0x65, 0xfa, 0xdd, 0x4, 0x3, 0xff,
    0xb6, 0x28, 0xf7, 0xce, 0x1, 0xff, 0xdd, 0x48,
    0xbe, 0xff, 0xff, 0xed, 0xf5, 0xc2, 0x0, 0x7f,
    0xf5, 0x0,

    /* U+F003 "" */
    0x0, 0xff, 0xf8, 0xc, 0xdb, 0x80, 0x7f, 0xff,
    0xc0, 0x3f, 0xf8, 0xfe, 0xc9, 0x14, 0x1, 0xff,
    0xff, 0x0, 0xff, 0xe2, 0xa8, 0x80, 0x4a, 0x20,
    0x1f, 0xff, 0xf0, 0xf, 0xfe, 0x21, 0x0, 0x71,
    0x0, 0x7f, 0xff, 0xc0, 0x3f, 0xff, 0xe0, 0x1f,
    0xff, 0xf0, 0xf, 0xff, 0xf8, 0x7, 0xff, 0xfc,
    0x3, 0xff, 0xfe, 0x1, 0xff, 0xff, 0x0, 0xff,
    0xec, 0x8, 0x7, 0xff, 0x84, 0x80, 0x3f, 0xfc,
    0xaf, 0xfd, 0x82, 0x1, 0xff, 0xc5, 0x20, 0xe,
    0x20, 0xf, 0xfe, 0x2a, 0xf6, 0xfa, 0x80, 0x7f,
    0xf8, 0x8e, 0x0, 0x7, 0xe4, 0x1, 0xff, 0xc4,
    0x52, 0x0, 0x98, 0x40, 0x3f, 0xf8, 0x8b, 0x42,
    0x0, 0xa1, 0x0, 0xff, 0xf0, 0xa0, 0x6, 0x1c,
    0x20, 0xf, 0xfe, 0x26, 0x43, 0x54, 0x80, 0x7f,
    0xf1, 0x16, 0x80, 0x39, 0x40, 0x3f, 0xfc, 0x22,
    0x1, 0xc3, 0xc0, 0x1f, 0xfc, 0x41, 0x79, 0x50,
    0xf, 0xfe, 0x22, 0xd0, 0x7, 0x98, 0x3, 0xff,
    0xc2, 0xc4, 0x1, 0xc6, 0x20, 0x1f, 0xfd, 0x65,
    0xa0, 0xf, 0x31, 0x0, 0x7f, 0xf8, 0xb0, 0x80,
    0x3f, 0xfb, 0x69, 0x40, 0x1e, 0x59, 0x0, 0xff,
    0xf1, 0x8e, 0x10, 0x4, 0xc2, 0x1, 0xff, 0xd5,
    0xa0, 0xf, 0x25, 0x0, 0x7f, 0xf9, 0x47, 0x5d,
    0x66, 0x40, 0x1f, 0xfd, 0x51, 0x10, 0x7, 0x25,
    0x80, 0x7f, 0xfa, 0x22, 0x98, 0x3, 0xff, 0x86,
    0x8d, 0x13, 0x52, 0xea, 0x20, 0x1f, 0xe1, 0x10,
    0x6, 0x4b, 0x0, 0xff, 0xfc, 0x2d, 0xfd, 0xcb,
    0xb2, 0xb4, 0x57, 0x6b, 0x88, 0x7, 0xea, 0x0,
    0x9a, 0xc0, 0x3f, 0xfe, 0xeb, 0xb4, 0x80, 0x1f,
    0xe2, 0x8e, 0x80, 0xf, 0x93, 0xab, 0x64, 0x3,
    0xff, 0xd4, 0x24, 0x20, 0x1f, 0xea, 0xa1, 0x0,
    0x7f, 0xf0, 0xdf, 0x94, 0x3, 0xc2, 0xa4, 0x1,
    0xff, 0xe6, 0x37, 0xbe, 0xfe, 0xde, 0xfe, 0xb8,
    0x30, 0x8, 0xb5, 0x40, 0x3f, 0xf8, 0xc3, 0x4e,
    0x1, 0xff, 0xec, 0x6d, 0xc8, 0x41, 0x0, 0xe1,
    0x47, 0xce, 0x73, 0xc2, 0x0, 0xff, 0xe4, 0xc5,
    0x0, 0x7f, 0xfa, 0x5b, 0xa4, 0x80, 0x3f, 0xf8,
    0x23, 0x18, 0x20, 0x1f, 0x35, 0x77, 0xfb, 0xb6,
    0x50, 0x3, 0xe5, 0x80, 0xf, 0xff, 0x30, 0xdc,
    0x88, 0x7, 0xff, 0x31, 0xfa, 0x54, 0x40, 0x2,
    0x4d, 0x78, 0x80, 0x1e, 0x75, 0x0, 0xff, 0xf2,
    0x1f, 0xa0, 0x7, 0xff, 0x30, 0x6e, 0x4, 0x3,
    0xf8, 0xee, 0x0, 0x3d, 0x62, 0x1, 0xff, 0xe2,
    0x3c, 0x10, 0xf, 0xc2, 0x8a, 0xca, 0x84, 0x1,
    0xfe, 0x94, 0x0, 0xff, 0xe0, 0xbd, 0x0, 0x70,
    0xc8, 0x7, 0xff, 0x85, 0x30, 0x3, 0xe1, 0x8d,
    0xeb, 0xa9, 0xab, 0xdd, 0x49, 0x0, 0x7d, 0x8,
    0x1, 0xff, 0xc2, 0x58, 0x0, 0xe7, 0x10, 0xf,
    0xfe, 0xf8, 0xd0, 0x7, 0xd1, 0xce, 0x40, 0x1f,
    0x13, 0x6d, 0x8, 0x7, 0xac, 0xc0, 0x3f, 0xf8,
    0x4e, 0x80, 0x1d, 0x20, 0x1f, 0xfd, 0xfd, 0x10,
    0xe, 0x2d, 0x70, 0xf, 0xfe, 0xa, 0xfa, 0x0,
    0x7b, 0x80, 0x3f, 0xf8, 0x72, 0x1, 0xcc, 0x1,
    0xff, 0xde, 0x73, 0x0, 0xe4, 0xd2, 0x0, 0xff,
    0xe1, 0x8d, 0xb0, 0x7, 0x14, 0x0, 0x7f, 0xf0,
    0x89, 0x0, 0x30, 0x90, 0x7, 0xff, 0x76, 0x40,
    0x38, 0xec, 0x3, 0xff, 0x8f, 0x2a, 0x1, 0xce,
    0x20, 0x1f, 0xfc, 0x2d, 0x0, 0xe4, 0x0, 0xff,
    0xee, 0x38, 0x80, 0x61, 0xd0, 0xf, 0xfe, 0x4d,
    0x10, 0x7, 0x48, 0x7, 0xff, 0x9, 0x0, 0x3b,
    0x80, 0x3c, 0xbd, 0xff, 0xfa, 0x80, 0x3f, 0xf9,
    0x72, 0x1, 0xd0, 0x20, 0x1f, 0xfc, 0xae, 0x0,
    0xe7, 0x0, 0xff, 0xe1, 0x10, 0x7, 0x10, 0x7,
    0x15, 0x8, 0x7, 0xe5, 0x90, 0xf, 0xfe, 0x49,
    0x88, 0x6, 0x26, 0x0, 0xff, 0xe5, 0x9a, 0x80,
    0x72, 0x0, 0x7f, 0xf0, 0x84, 0x3, 0x8, 0x7,
    0x28, 0x7, 0xfc, 0x80, 0x1f, 0xfc, 0x9b, 0x0,
    0xeb, 0x0, 0xff, 0xe6, 0xc8, 0x7, 0x68, 0x7,
    0xff, 0x8, 0x40, 0x30, 0x80, 0x70, 0x80, 0x7f,
    0xc2, 0x1, 0xff, 0xc8, 0x46, 0x0, 0xe7, 0x0,
    0xff, 0xe6, 0x99, 0x0, 0x66, 0xff, 0x76, 0x4a,
    0x88, 0x7, 0xff, 0x0, 0xc0, 0x39, 0x8c, 0x3,
    0xfd, 0x0, 0x1f, 0xfc, 0x52, 0x9f, 0xb1, 0x0,
    0xc4, 0x20, 0x1f, 0xfc, 0xe7, 0x0, 0xf8, 0x4d,
    0xab, 0xa8, 0x80, 0x31, 0x80, 0x70, 0x80, 0x7b,
    0x21, 0x9b, 0xe7, 0xc4, 0x0, 0xff, 0xe1, 0x8c,
    0xeb, 0x0, 0x7c, 0xe0, 0x1f, 0xfc, 0xfd, 0x0,
    0xff, 0xe0, 0x2e, 0xc8, 0x5, 0x60, 0x1d, 0xa0,
    0x1f, 0x3c, 0xcf, 0xd0, 0x60, 0x1f, 0xfc, 0x33,
    0xf6, 0x0, 0xfe, 0xd0, 0xf, 0xfe, 0x79, 0x80,
    0x7f, 0xf0, 0x9b, 0x48, 0x18, 0x3, 0x90, 0x3,
    0xff, 0xa6, 0xb8, 0x20, 0x1f, 0xe2, 0x0, 0xff,
    0xe7, 0xb0, 0x7, 0xff, 0xc, 0xb2, 0x44, 0x3,
    0x18, 0x80, 0x7f, 0xf4, 0x92, 0x80, 0x3f, 0x8d,
    0x5d, 0x0, 0x3f, 0xf9, 0xe4, 0xec, 0xde, 0x41,
    0x0, 0xf8, 0x58, 0x3, 0xa8, 0x3, 0xff, 0xa4,
    0x56, 0x1, 0xf3, 0x67, 0xe5, 0x40, 0x80, 0x7f,
    0xf4, 0x22, 0x67, 0xd7, 0xd8, 0xc0, 0x1f, 0xf0,
    0xb0, 0x7, 0xff, 0x4b, 0x80, 0x3c, 0x7b, 0x26,
    0x1, 0xff, 0xde, 0x39, 0xd2, 0x0, 0xfe, 0x90,
    0xf, 0xfe, 0x92, 0x98, 0x7, 0x36, 0x10, 0x7,
    0xff, 0x88, 0xb5, 0x0, 0x3e, 0x37, 0x0, 0xff,
    0xe9, 0x58, 0x7, 0x2c, 0x80, 0x7f, 0xf9, 0xac,
    0xc0, 0x3d, 0xc0, 0x1f, 0xfd, 0x25, 0x10, 0xc,
    0x54, 0x1, 0xff, 0xe8, 0xd0, 0xf, 0xfe, 0xcf,
    0x0, 0x74, 0x0, 0x7f, 0xfa, 0x45, 0xc0, 0x3a,
    0x80, 0x3f, 0xfa, 0x5f, 0x33, 0xa9, 0x40, 0x3f,
    0xfd, 0x51, 0x53, 0x3a, 0xc0, 0x3f, 0xfa, 0x48,
    0xcd, 0x94, 0x3, 0xff, 0xd8, 0xac, 0xd8, 0xc0,
    0x3f, 0xff, 0xe0, 0x1f, 0xff, 0xf0, 0xf, 0xff,
    0xf8, 0x7, 0xff, 0xfc, 0x3, 0xff, 0x9b, 0x19,
    0x9f, 0xff, 0x3b, 0x50, 0xe, 0x4d, 0xfb, 0x20,
    0xf, 0xfe, 0x4e, 0x39, 0x9f, 0xff, 0xcd, 0x29,
    0x0, 0x22, 0xb2, 0x4, 0xc2, 0x0, 0xff, 0xe3,
    0x91, 0x80, 0x7f, 0xfd, 0xb8, 0x2, 0x40, 0xc,
    0x38, 0x40, 0x1f, 0xff, 0xf0, 0xf, 0xfe, 0x19,
    0x80, 0x70, 0xf8, 0x7, 0xff, 0x18, 0x94, 0x3,
    0xff, 0xed, 0xc0, 0x12, 0x98, 0x7, 0x11, 0x80,
    0x7f, 0xf1, 0xaa, 0xc, 0xff, 0xfe, 0x69, 0x68,
    0x1, 0xb4, 0x80, 0x3f, 0xf9, 0xaf, 0x99, 0xff,
    0xf3, 0xb4, 0x0, 0xe1, 0xc2, 0x0, 0x8c, 0xc0,
    0x1f, 0xff, 0xf0, 0xf, 0xfe, 0x20, 0xeb, 0xa3,
    0xe0, 0x7, 0xff, 0xfc, 0x3, 0xff, 0x8f, 0x17,
    0x0, 0x1f, 0xff, 0xf0, 0xf, 0xfe, 0xb9, 0x3c,
    0x47, 0xff, 0xcc, 0xc0, 0x3f, 0xfa, 0x69, 0xb0,
    0xef, 0xff, 0xf3, 0xc7, 0x0, 0xff, 0xe9, 0x48,
    0x7, 0xff, 0xda, 0x0, 0x3f, 0xfa, 0x44, 0x1,
    0xff, 0xf7, 0x20, 0xf, 0xfe, 0x8a, 0x80, 0x7f,
    0xfd, 0x88, 0x80, 0x1f, 0xfd, 0x1b, 0x50, 0xf,
    0xff, 0xa1, 0xf8, 0x7, 0xff, 0x48, 0x6b, 0xff,
    0xff, 0xe9, 0x84, 0x1, 0xff, 0xff, 0x0, 0xff,
    0xff, 0x80, 0x7f, 0xff, 0xc0, 0x3f, 0xff, 0xe0,
    0x1f, 0xff, 0xf0, 0xf, 0xff, 0x92, 0x6f, 0xff,
    0xff, 0xd2, 0x0, 0x3f, 0xfa, 0x45, 0x64, 0x1,
    0xff, 0xf4, 0x76, 0x0, 0xff, 0xe8, 0xa0, 0x7,
    0xff, 0xdf, 0x40, 0x3f, 0xfa, 0x2a, 0x1, 0xff,
    0xf7, 0x20, 0xf, 0xfe, 0x89, 0xb0, 0x7, 0xff,
    0xd4, 0x60, 0x3, 0xff, 0xa5, 0x37, 0xe, 0xff,
    0xff, 0x29, 0xf1, 0x0, 0xff, 0xe1, 0x80,

    /* U+F008 "" */
    0x0, 0xff, 0xf4, 0x26, 0x6c, 0x0, 0x7f, 0xff,
    0xc0, 0x3f, 0xc7, 0x66, 0x4f, 0x0, 0x1f, 0xff,
    0xf0, 0xf, 0xea, 0x0, 0xcc, 0x1, 0xff, 0xff,
    0x0, 0xfe, 0x30, 0xc, 0x20, 0x1f, 0xff, 0xf0,
    0xf, 0xff, 0xf8, 0x7, 0xff, 0xfc, 0x3, 0xff,
    0xfe, 0x1, 0xff, 0xff, 0x0, 0xff, 0xff, 0x80,
    0x7f, 0xfc, 0xcc, 0xc0, 0x1f, 0xfe, 0x1, 0x31,
    0x0, 0xff, 0xed, 0x8e, 0x66, 0x10, 0xf, 0xfe,
    0x29, 0x0, 0x62, 0x0, 0xff, 0xe3, 0x3f, 0x67,
    0x28, 0x7, 0xff, 0x6a, 0xcc, 0x0, 0x78, 0x20,
    0x1f, 0xfc, 0x49, 0x10, 0xa, 0xc0, 0x3f, 0xf8,
    0xaf, 0x0, 0x15, 0x8, 0x7, 0xff, 0x65, 0xc0,
    0x31, 0x60, 0x80, 0x7f, 0xf0, 0xc7, 0xe1, 0xed,
    0x80, 0x3f, 0xf8, 0x8f, 0x0, 0x1c, 0x40, 0x1f,
    0xfd, 0x96, 0x0, 0xe2, 0xb0, 0xf, 0xfe, 0x20,
    0xbc, 0x20, 0x7, 0xff, 0x11, 0xe0, 0x3, 0xc4,
    0x1, 0xff, 0xd9, 0x90, 0xf, 0x20, 0x7, 0xff,
    0x5d, 0xe0, 0x3, 0xd0, 0x20, 0x1f, 0xfd, 0x92,
    0xb0, 0xe, 0x30, 0xf, 0xfe, 0xb3, 0x40, 0x7,
    0x9d, 0xc0, 0x1f, 0xfd, 0xb4, 0xb0, 0xd, 0x0,
    0x1f, 0xfd, 0x69, 0x0, 0xf3, 0xc0, 0x7, 0xff,
    0x75, 0x3a, 0x1f, 0x54, 0x3, 0xff, 0xaa, 0x40,
    0x1e, 0x78, 0x0, 0xff, 0xef, 0x8b, 0xc1, 0x0,
    0x7f, 0xf0, 0xd1, 0xe6, 0xa9, 0x30, 0xa4, 0x1,
    0xfe, 0x21, 0x0, 0xcf, 0x0, 0x1f, 0xff, 0x5,
    0xcf, 0xb8, 0x65, 0x53, 0x3d, 0x6e, 0x9c, 0x40,
    0x3f, 0x68, 0x80, 0x22, 0x0, 0x1f, 0xfe, 0xf5,
    0xea, 0x30, 0xf, 0xf1, 0x47, 0x40, 0x80, 0x78,
    0xfb, 0x35, 0xc0, 0x3f, 0xfd, 0xc3, 0x74, 0x20,
    0x1f, 0xfc, 0x37, 0xf4, 0x0, 0xf8, 0xc8, 0x3,
    0xff, 0xbc, 0x6f, 0x7b, 0xff, 0xbb, 0x25, 0x40,
    0x31, 0x7a, 0x0, 0x7f, 0xf1, 0x86, 0xe0, 0x3,
    0xff, 0xc6, 0x31, 0xd9, 0x8, 0x40, 0x18, 0x4d,
    0xab, 0xe8, 0xcb, 0x4, 0x3, 0xff, 0x92, 0xf2,
    0x1, 0xff, 0xe1, 0x8e, 0x71, 0x0, 0xff, 0xe0,
    0xae, 0x68, 0x80, 0x7c, 0xb5, 0xbd, 0xfb, 0x8e,
    0x60, 0x1f, 0x34, 0x0, 0x7f, 0xf7, 0x8f, 0x9c,
    0x3, 0xff, 0x9a, 0xfd, 0x4a, 0x42, 0x4, 0x71,
    0x96, 0x40, 0x1e, 0x74, 0x0, 0xff, 0xee, 0x3e,
    0x8, 0x7, 0xff, 0x30, 0xb6, 0x4, 0x3, 0xf9,
    0x35, 0x80, 0x3d, 0x42, 0x1, 0xff, 0xda, 0x88,
    0x0, 0x7f, 0x12, 0x2b, 0x21, 0x80, 0x7f, 0xdc,
    0x40, 0x1f, 0xfc, 0x19, 0x80, 0xe, 0x18, 0x0,
    0xff, 0xec, 0xc3, 0x80, 0x7c, 0x73, 0xdb, 0x75,
    0x37, 0x9f, 0x6c, 0x1, 0xfb, 0x44, 0x3, 0xff,
    0x84, 0xec, 0x1, 0xcc, 0x20, 0x1f, 0xfd, 0x76,
    0x70, 0xf, 0x15, 0xe3, 0x8, 0x7, 0xc9, 0x3c,
    0xc0, 0x1e, 0x1c, 0x0, 0xff, 0xe1, 0xc9, 0x0,
    0x74, 0x80, 0x7f, 0xf5, 0x8a, 0x40, 0x3c, 0xba,
    0x80, 0x1f, 0xfc, 0x1, 0x9b, 0x10, 0xe, 0x29,
    0x0, 0xff, 0xe1, 0xc8, 0x7, 0x28, 0x7, 0xff,
    0x5b, 0xc0, 0x3d, 0x14, 0x1, 0xff, 0xc4, 0x4f,
    0x20, 0xe, 0x64, 0x0, 0xff, 0xe1, 0x21, 0x80,
    0x62, 0x20, 0x7, 0xff, 0x51, 0x48, 0x3, 0x9d,
    0xc0, 0x1f, 0xfc, 0x61, 0xf1, 0x0, 0xe8, 0x0,
    0xff, 0xe1, 0xa0, 0x7, 0x38, 0x7, 0xff, 0x52,
    0x0, 0x39, 0x20, 0x3, 0xff, 0x90, 0x5a, 0x1,
    0xc6, 0x80, 0x1f, 0xfc, 0x2b, 0x0, 0xed, 0x0,
    0xf2, 0xf7, 0xff, 0xe9, 0x0, 0xff, 0xe1, 0x29,
    0x0, 0x74, 0x80, 0x7f, 0xf2, 0x8d, 0xc0, 0x3b,
    0xc0, 0x3f, 0xf8, 0x44, 0x1, 0xc4, 0x1, 0xc9,
    0x42, 0x1, 0xf9, 0xa0, 0x3, 0xff, 0x83, 0xe0,
    0x1c, 0xe4, 0x1, 0xff, 0xcb, 0x81, 0x0, 0xc8,
    0x1, 0xff, 0xc2, 0x10, 0xe, 0x10, 0xe, 0xd0,
    0xf, 0xf9, 0x40, 0x3f, 0xf8, 0x2a, 0x1, 0xd2,
    0x1, 0xff, 0xcd, 0x60, 0xe, 0x50, 0xf, 0xfe,
    0x38, 0x80, 0x70, 0x80, 0x7f, 0xc2, 0x1, 0xff,
    0xc, 0x0, 0x72, 0x8, 0x7, 0xff, 0x36, 0x80,
    0x3a, 0xf7, 0x2e, 0x58, 0x40, 0x3e, 0x20, 0xe,
    0x30, 0xe, 0x91, 0x0, 0xff, 0x48, 0x7, 0xf2,
    0xe7, 0x38, 0x7, 0x60, 0x7, 0xff, 0x38, 0x84,
    0x3, 0x9, 0x1a, 0x34, 0xf6, 0x28, 0x7, 0x38,
    0x7, 0x8, 0x7, 0xf, 0xba, 0x27, 0xcd, 0x6a,
    0x1, 0xf1, 0xe5, 0x18, 0x7, 0xc6, 0x1, 0xff,
    0xcf, 0x50, 0xf, 0xf8, 0xeb, 0x4c, 0x2, 0xc0,
    0xe, 0xc0, 0xf, 0xc, 0x5d, 0xfd, 0x28, 0x1,
    0xf3, 0xe1, 0x80, 0x7f, 0x30, 0x7, 0xff, 0x3c,
    0xc0, 0x3f, 0xf8, 0x25, 0x90, 0x0, 0x60, 0xe,
    0x50, 0xf, 0xfe, 0x5d, 0x40, 0x7, 0xfc, 0x40,
    0x1f, 0xfc, 0xfe, 0x0, 0xff, 0xe1, 0xbd, 0x38,
    0x7, 0x18, 0x80, 0x7f, 0xf2, 0xa9, 0x40, 0x3f,
    0x89, 0x1c, 0x3, 0xff, 0xa0, 0x84, 0x5e, 0x10,
    0xf, 0xe5, 0x80, 0xe, 0xa0, 0xf, 0xfe, 0x54,
    0x28, 0x7, 0xcb, 0x7f, 0xb7, 0x0, 0x1f, 0xfd,
    0x2, 0xdd, 0xf7, 0x7e, 0x38, 0x80, 0x7f, 0xc2,
    0xc0, 0x1f, 0xfc, 0x93, 0x70, 0xf, 0x27, 0x52,
    0x0, 0x7f, 0xf7, 0x4e, 0x3d, 0xc0, 0x3f, 0xd0,
    0x1, 0xff, 0xca, 0xe0, 0xf, 0x45, 0x88, 0x7,
    0xff, 0x84, 0x62, 0x80, 0x3f, 0x1b, 0x0, 0x7f,
    0xf2, 0x58, 0x80, 0x3a, 0x1c, 0x3, 0xff, 0xca,
    0xb6, 0x1, 0xf7, 0x0, 0x7f, 0xf2, 0xac, 0x3,
    0x95, 0xc0, 0x3f, 0xfc, 0xe9, 0x20, 0x1e, 0x30,
    0xf, 0xfe, 0x49, 0x90, 0x6, 0x1b, 0x0, 0xff,
    0xf4, 0xb1, 0x80, 0x73, 0x80, 0x7f, 0xf2, 0x50,
    0x3, 0xa4, 0x40, 0x3f, 0xfd, 0x50, 0x1, 0xda,
    0x1, 0xff, 0xc9, 0xc0, 0xe, 0x50, 0xf, 0xff,
    0x5a, 0x8, 0x6, 0x50, 0xf, 0xfe, 0x4b, 0x0,
    0x61, 0x20, 0xf, 0xff, 0x62, 0x0, 0x61, 0x10,
    0x7, 0xff, 0x20, 0xc0, 0x31, 0x0, 0x7f, 0xfb,
    0x48, 0x3, 0x8c, 0x3, 0xff, 0x90, 0x20, 0x19,
    0xc0, 0x3f, 0xfa, 0x62, 0x1, 0xfe, 0x10, 0xf,
    0xfe, 0x17, 0x80, 0x70, 0x80, 0x7f, 0xf3, 0x5c,
    0x3, 0xff, 0x8d, 0x1f, 0xec, 0x10, 0xf, 0x27,
    0x73, 0x4c, 0x3, 0xc5, 0xbd, 0xc5, 0x0, 0xff,
    0xe0, 0x78, 0x7, 0x8, 0x4, 0x77, 0xb2, 0x20,
    0x1f, 0xfc, 0x1, 0x0, 0xc4, 0x1, 0xff, 0xc5,
    0x57, 0x0, 0x1d, 0x0, 0x70, 0xd8, 0x81, 0x68,
    0x7, 0xbc, 0x80, 0x68, 0x80, 0x3f, 0xe2, 0x0,
    0xe3, 0x0, 0xe, 0x21, 0x36, 0x8, 0x7, 0xfc,
    0xa0, 0x18, 0x48, 0x3, 0xff, 0x89, 0xc0, 0x19,
    0x0, 0x39, 0xc0, 0x30, 0x98, 0x6, 0x32, 0x0,
    0xc8, 0x1, 0xff, 0x20, 0x7, 0x8, 0x1, 0xc0,
    0x31, 0x68, 0x7, 0xfc, 0x60, 0x1c, 0xa0, 0x1f,
    0xfc, 0x44, 0x0, 0xc2, 0x1, 0xd8, 0x1, 0xc2,
    0x1, 0x90, 0x3, 0x8c, 0x3, 0xfc, 0x62, 0x1,
    0x90, 0x3, 0xf8, 0xec, 0x3, 0xfd, 0x80, 0x1d,
    0x20, 0x1f, 0xfc, 0x34, 0x0, 0xe4, 0x0, 0xe4,
    0x0, 0xc2, 0x40, 0x1b, 0x0, 0x39, 0x0, 0x3f,
    0xd2, 0x1, 0xd8, 0x1, 0x38, 0x80, 0x72, 0x10,
    0x7, 0xf2, 0x8, 0x6, 0x18, 0x0, 0xff, 0xe1,
    0x60, 0x7, 0x60, 0x6, 0x21, 0x0, 0xc8, 0x1,
    0xc8, 0x1, 0x8c, 0x40, 0x3f, 0x91, 0x40, 0x39,
    0x40, 0x21, 0xa0, 0xf, 0x8, 0x7, 0xfa, 0x40,
    0x39, 0xd0, 0x3, 0xff, 0x82, 0x80, 0x1c, 0xe0,
    0x19, 0x40, 0x3b, 0xc0, 0x32, 0x0, 0x72, 0x0,
    0x7f, 0xd, 0x0, 0x72, 0x10, 0x6, 0x4c, 0x0,
    0xc4, 0x60, 0x1f, 0xe7, 0x10, 0xe, 0xb4, 0x0,
    0xff, 0x84, 0xc0, 0x31, 0x8, 0x6, 0xc0, 0xe,
    0x40, 0xd, 0x80, 0x1d, 0x80, 0x1f, 0x87, 0x4,
    0x3, 0xa0, 0x3, 0xc7, 0xaa, 0x4b, 0x80, 0x1f,
    0xfc, 0xb, 0x0, 0xf5, 0xb8, 0x7, 0xf9, 0x0,
    0x39, 0x0, 0x39, 0x0, 0x31, 0x8, 0x6, 0x40,
    0xe, 0x40, 0xf, 0x93, 0xc8, 0x3, 0x98, 0xc0,
    0x3e, 0x2a, 0xda, 0x10, 0xf, 0xfe, 0x2, 0xb0,
    0x7, 0xa3, 0x54, 0x3, 0xf6, 0x0, 0x76, 0x80,
    0x64, 0x0, 0xe4, 0x0, 0xc2, 0x60, 0x19, 0x0,
    0x3c, 0x95, 0x62, 0x1, 0xc5, 0x20, 0x1f, 0xfc,
    0xe9, 0x40, 0xf, 0x15, 0x7e, 0x51, 0x80, 0x64,
    0x0, 0xe4, 0x0, 0xd8, 0x1, 0xda, 0x1, 0x90,
    0x3, 0xb0, 0x0, 0x33, 0x7d, 0x6a, 0x1, 0xe1,
    0xf0, 0xf, 0xfe, 0x85, 0xa0, 0x7, 0xe3, 0x5b,
    0x0, 0x88, 0x80, 0x18, 0xc0, 0x39, 0x0, 0x39,
    0x0, 0x36, 0x0, 0x72, 0x80, 0x11, 0x90, 0x40,
    0x3e, 0x1c, 0x20, 0xf, 0xfe, 0x8d, 0xb0, 0x7,
    0xff, 0x5, 0x0, 0x39, 0x0, 0x30, 0x98, 0x6,
    0x30, 0xe, 0x40, 0xc, 0x24, 0x1, 0xff, 0xc0,
    0x3f, 0x20, 0xf, 0xfe, 0x9c, 0xd0, 0x80, 0x7f,
    0xd8, 0x1, 0xd6, 0x1, 0x90, 0x3, 0xac, 0x3,
    0x11, 0x0, 0x32, 0x0, 0x7f, 0xf0, 0x1f, 0x4,
    0x3, 0xff, 0xaa, 0xbd, 0x4, 0x1, 0xfc, 0x80,
    0x1c, 0x60, 0x1b, 0x0, 0x39, 0x0, 0x32, 0x0,
    0x77, 0x80, 0x7f, 0x9b, 0x60, 0x3, 0xff, 0xb2,
    0xfb, 0x8e, 0x82, 0x1e, 0x0, 0x31, 0x0, 0xc8,
    0x1, 0xc8, 0x1, 0xc6, 0x1, 0xb0, 0x3, 0x90,
    0x2, 0x10, 0x1, 0xb5, 0x74, 0x90, 0x7, 0xff,
    0x70, 0xe2, 0xfb, 0xdc, 0x0, 0x80, 0x1d, 0xa0,
    0x18, 0x88, 0x1, 0x94, 0x3, 0x90, 0x3, 0x10,
    0x80, 0x49, 0xfe, 0xc9, 0x51, 0x0, 0xff, 0xf3,
    0x60, 0x7, 0x20, 0x6, 0x40, 0xe, 0xc0, 0xc,
    0x62, 0x1, 0x94, 0x3, 0xff, 0xe2, 0x80, 0x18,
    0x48, 0x3, 0x60, 0x7, 0x20, 0x6, 0x40, 0xe,
    0xc0, 0xf, 0xff, 0x82, 0x0, 0x73, 0x80, 0x72,
    0x0, 0x61, 0x20, 0xd, 0x60, 0x1c, 0x80, 0x1f,
    0xff, 0xc, 0x0, 0xec, 0x0, 0xc6, 0x20, 0x19,
    0xc0, 0x38, 0xc0, 0x31, 0x80, 0x7f, 0xfc, 0x54,
    0x3, 0x90, 0x3, 0x20, 0x7, 0x60, 0x6, 0x40,
    0xe, 0xb0, 0xf, 0xff, 0x89, 0x0, 0x63, 0x10,
    0xd, 0x60, 0x1c, 0x80, 0x18, 0x80, 0x39, 0x0,
    0x3f, 0xfe, 0x2a, 0x1, 0xac, 0x3, 0x8c, 0x3,
    0x18, 0x80, 0x65, 0x0, 0xc2, 0x60, 0x1f, 0xff,
    0x1b, 0x40, 0x2, 0x38, 0x6, 0x40, 0xe, 0x40,
    0xe, 0x39, 0x0, 0xd, 0x0, 0x7f, 0xfc, 0x86,
    0xfb, 0x6c, 0x3, 0xb0, 0x3, 0xb0, 0x3, 0xcd,
    0xfb, 0xc8, 0x1, 0xff, 0xf4, 0x12, 0x0, 0xf2,
    0x80, 0x72, 0x0, 0x7e, 0x20, 0xf, 0xff, 0xe8,
    0x90, 0x6, 0x40, 0xf, 0xff, 0xf8, 0x7, 0xe4,
    0x0, 0xec, 0x0, 0xff, 0xff, 0x80, 0x7e, 0xf0,
    0xe, 0x40, 0xf, 0xff, 0xf8, 0x7, 0xe4, 0x0,
    0xc2, 0x60, 0x1f, 0xff, 0xf0, 0xf, 0x88, 0x40,
    0x32, 0x0, 0x7f, 0xff, 0xc0, 0x3f, 0x30, 0x7,
    0x60, 0x7, 0xff, 0xfc, 0x3, 0xf3, 0x0, 0x73,
    0x80, 0x7f, 0xff, 0xc0, 0x3f, 0x13, 0x0, 0x4c,
    0x20, 0x1f, 0xff, 0xf0, 0xf, 0xe9, 0xd9, 0xb9,
    0x0, 0xff, 0xf7, 0x0,

    /* U+F009 "" */
    0x0, 0xff, 0xf4, 0x1c, 0xc8, 0xc0, 0x3f, 0xff,
    0xe0, 0x1f, 0xe4, 0xc6, 0x66, 0x20, 0x7, 0xff,
    0xfc, 0x3, 0xfb, 0xc0, 0x37, 0x80, 0x7f, 0xff,
    0xc0, 0x3f, 0x98, 0x3, 0x30, 0x7, 0xff, 0xfc,
    0x3, 0xff, 0xfe, 0x1, 0xff, 0xff, 0x0, 0xff,
    0xff, 0x80, 0x7f, 0xff, 0xc0, 0x3f, 0xff, 0xe0,
    0x1f, 0xff, 0xf0, 0xf, 0xff, 0xf8, 0xd, 0xff,
    0xa0, 0x3, 0xff, 0x8c, 0xc0, 0x19, 0x80, 0x3f,
    0xf8, 0xcf, 0xfe, 0xb1, 0x0, 0xff, 0xed, 0x5a,
    0x0, 0x1e, 0x40, 0x3f, 0xf8, 0xbc, 0x1, 0xb8,
    0x3, 0xff, 0x8b, 0x30, 0x0, 0x4a, 0x0, 0xff,
    0xed, 0x28, 0x6, 0x68, 0x0, 0xff, 0xe2, 0x2d,
    0xaa, 0xad, 0x40, 0x3f, 0xf8, 0x92, 0xc0, 0x19,
    0x0, 0x3f, 0xfb, 0x44, 0x1, 0xce, 0xa0, 0x1f,
    0xfc, 0x44, 0xaa, 0x20, 0x7, 0xff, 0x12, 0x58,
    0x3, 0x84, 0x3, 0xff, 0xb5, 0x0, 0x1e, 0xf0,
    0xf, 0xfe, 0xbc, 0xb0, 0x7, 0xa0, 0x3, 0xff,
    0xb4, 0xb0, 0x1, 0xff, 0xdc, 0x86, 0x0, 0xf3,
    0xb0, 0x7, 0xff, 0x6d, 0xe0, 0x3, 0x48, 0x7,
    0xff, 0x54, 0x9c, 0x3, 0xcf, 0x0, 0x1f, 0xfd,
    0xd7, 0xb4, 0x5c, 0x30, 0xf, 0xfe, 0xab, 0x0,
    0x79, 0xe0, 0x3, 0xff, 0xbe, 0x97, 0x46, 0x1,
    0xff, 0xc3, 0x25, 0x67, 0x73, 0x21, 0x0, 0x7f,
    0xcc, 0x1, 0xcf, 0x0, 0x1f, 0xff, 0x4, 0xae,
    0xda, 0x98, 0x84, 0xde, 0xf4, 0x98, 0x7, 0xe2,
    0x60, 0xa, 0x20, 0x1, 0xff, 0xef, 0x4d, 0xb5,
    0x10, 0xf, 0xc2, 0xd9, 0x66, 0x1, 0xf4, 0xe4,
    0xeb, 0x80, 0x7f, 0xf8, 0xc4, 0x3, 0xfc, 0x35,
    0x64, 0x1, 0xff, 0xc2, 0x4c, 0xa1, 0x0, 0xf1,
    0xb1, 0x0, 0x7f, 0xf7, 0x92, 0x33, 0xbf, 0xdd,
    0xfe, 0xda, 0x61, 0x0, 0x8b, 0xd4, 0x3, 0xff,
    0x8c, 0xb8, 0x40, 0x1f, 0xfe, 0x32, 0x9e, 0xb7,
    0x31, 0x0, 0xe2, 0x59, 0xec, 0x53, 0xc1, 0x0,
    0xff, 0xe4, 0x16, 0xa0, 0x7, 0xff, 0x80, 0x67,
    0x58, 0x40, 0x3f, 0xf8, 0x27, 0x58, 0x20, 0x1f,
    0x24, 0xde, 0x62, 0xe5, 0x0, 0x3f, 0x59, 0x0,
    0x7f, 0xf7, 0x93, 0xd8, 0x3, 0xff, 0x9a, 0xfd,
    0x6c, 0x86, 0x64, 0x6b, 0xe7, 0x0, 0xfb, 0xc4,
    0x3, 0xff, 0xb8, 0xf6, 0x20, 0x1f, 0xfc, 0xc2,
    0xd8, 0x10, 0xf, 0xc3, 0x1a, 0x40, 0x1c, 0x56,
    0x1, 0xff, 0xdb, 0x88, 0x0, 0x7f, 0x1a, 0xb3,
    0xb2, 0x8, 0x7, 0xfa, 0x48, 0x3, 0xff, 0x80,
    0x5a, 0x80, 0x1c, 0xa6, 0x1, 0xff, 0xd9, 0x97,
    0x0, 0xf9, 0x2f, 0xf2, 0xa6, 0x26, 0xfb, 0x5c,
    0x40, 0x3e, 0xa2, 0x0, 0xff, 0xe1, 0x59, 0x0,
    0x74, 0x0, 0x7f, 0xf6, 0x19, 0x80, 0x1e, 0x3c,
    0xb4, 0x0, 0xfc, 0x51, 0xce, 0x1, 0xe1, 0xf1,
    0x0, 0xff, 0xe1, 0x78, 0x7, 0x21, 0x80, 0x7f,
    0xf5, 0x8a, 0x40, 0x3c, 0xf8, 0x60, 0x1f, 0xfc,
    0x18, 0xc1, 0x0, 0xe2, 0xb0, 0xf, 0xfe, 0x11,
    0x38, 0x7, 0x50, 0x7, 0xff, 0x5b, 0x80, 0x3d,
    0x50, 0x1, 0xff, 0xc4, 0x3f, 0x20, 0xe, 0x54,
    0x0, 0xff, 0xe1, 0x40, 0x7, 0x20, 0x7, 0xff,
    0x55, 0x4c, 0x3, 0xa5, 0x40, 0x3f, 0xf8, 0xc3,
    0x84, 0x1, 0xd2, 0x1, 0xff, 0xc3, 0x40, 0xc,
    0x42, 0x1, 0xff, 0xd4, 0x80, 0xe, 0x66, 0x0,
    0x7f, 0xf2, 0x7, 0x80, 0x38, 0x94, 0x3, 0xff,
    0x85, 0xa0, 0x1c, 0xa0, 0x1e, 0x6d, 0xee, 0xfb,
    0x10, 0x3, 0xff, 0x84, 0x84, 0x1, 0x86, 0x40,
    0x3f, 0xf9, 0x46, 0xe0, 0x1d, 0x20, 0x1f, 0xfc,
    0x22, 0x0, 0xe2, 0x0, 0xe5, 0x92, 0x11, 0xf8,
    0xec, 0xc0, 0x3f, 0xf8, 0x3a, 0x1, 0xd0, 0x1,
    0xff, 0xcc, 0x81, 0x0, 0xc6, 0x20, 0x1f, 0xfc,
    0x17, 0x0, 0xe1, 0x0, 0xee, 0x0, 0xff, 0xa8,
    0x3, 0xff, 0x82, 0x80, 0x1c, 0xc0, 0x1f, 0xfc,
    0xd7, 0x0, 0xe7, 0x0, 0xff, 0xe3, 0x88, 0x7,
    0xff, 0x14, 0x40, 0x3f, 0xe2, 0x72, 0x0, 0xca,
    0x1, 0xff, 0xce, 0xa0, 0xe, 0x9e, 0xe6, 0xdc,
    0x20, 0x7, 0xce, 0x1, 0xc6, 0x1, 0xde, 0x1,
    0xff, 0x50, 0x7, 0xf2, 0xe6, 0xc0, 0x7, 0x60,
    0x7, 0xff, 0x38, 0xc0, 0x3c, 0x22, 0x24, 0x7b,
    0xe8, 0x10, 0xc, 0x60, 0x1c, 0x20, 0x1c, 0x96,
    0xa8, 0x9f, 0x36, 0x90, 0x7, 0xc9, 0xb4, 0x60,
    0x1f, 0x28, 0x7, 0xff, 0x3c, 0x80, 0x3f, 0xe1,
    0x7f, 0x60, 0xa, 0xc0, 0x39, 0x40, 0x3c, 0x95,
    0x77, 0xf4, 0x90, 0x7, 0xd1, 0x64, 0x1, 0xfc,
    0x60, 0x1f, 0xfc, 0xf7, 0x0, 0xff, 0xe0, 0x8c,
    0xd0, 0x11, 0x80, 0x62, 0x10, 0xf, 0xfe, 0x5d,
    0xb8, 0x7, 0xff, 0x6c, 0x80, 0x3f, 0xf8, 0x6b,
    0x90, 0x1, 0xc8, 0x1, 0xff, 0xcb, 0xb4, 0x0,
    0xfc, 0x28, 0xd2, 0x1, 0xff, 0xd0, 0xb5, 0x5e,
    0x43, 0x20, 0xf, 0xc6, 0xa0, 0x1d, 0x40, 0x1f,
    0xfc, 0xa9, 0x40, 0xf, 0xb, 0xef, 0x5c, 0xb0,
    0x7, 0xff, 0x40, 0xea, 0xba, 0xf3, 0x7a, 0x48,
    0x3, 0xfe, 0x33, 0x0, 0x7f, 0xf2, 0x51, 0x80,
    0x3c, 0xdf, 0x4, 0x1, 0xff, 0xdd, 0x16, 0xd8,
    0x0, 0xff, 0x40, 0x7, 0xff, 0x2a, 0x80, 0x3d,
    0x32, 0x10, 0xf, 0xff, 0x13, 0xd8, 0x80, 0x7c,
    0xa8, 0x1, 0xff, 0xc9, 0x61, 0x0, 0xe9, 0x60,
    0xf, 0xff, 0x2a, 0x68, 0x7, 0x86, 0xc0, 0x3f,
    0xf9, 0x56, 0x1, 0xcc, 0xc0, 0xf, 0xff, 0x39,
    0xc8, 0x7, 0x84, 0x3, 0xff, 0x92, 0x64, 0x1,
    0xd0, 0x1, 0xff, 0xe9, 0x63, 0x0, 0xc2, 0x80,
    0x1f, 0xfc, 0x94, 0x0, 0xe7, 0x10, 0xf, 0xff,
    0x54, 0x0, 0x76, 0x80, 0x7f, 0xf2, 0x70, 0x3,
    0xac, 0x3, 0xff, 0xd6, 0x80, 0x1c, 0xa0, 0x1f,
    0xfc, 0x96, 0x0, 0xe3, 0x0, 0xff, 0xf6, 0x20,
    0x6, 0x30, 0xf, 0xfe, 0x49, 0x80, 0x62, 0x0,
    0xff, 0xf6, 0x90, 0x7, 0xff, 0x38, 0x40, 0x30,
    0x80, 0x7f, 0xf1, 0xc8, 0xc0, 0x3f, 0xfb, 0x2,
    0x1, 0xff, 0xd3, 0x10, 0xf, 0xfe, 0x35, 0xee,
    0x68, 0x80, 0x7f, 0xf1, 0x4b, 0x3f, 0x54, 0x3,
    0xff, 0x80, 0x40, 0x1f, 0xc7, 0x56, 0xc0, 0x1f,
    0xfc, 0x11, 0x0, 0xc4, 0x1, 0xff, 0xc5, 0x54,
    0x0, 0x15, 0x0, 0x7f, 0xf1, 0x78, 0xc0, 0xa8,
    0x80, 0x3f, 0xe1, 0x0, 0xc2, 0x1, 0x1e, 0x2a,
    0x4c, 0x0, 0x7f, 0xf0, 0x14, 0x3, 0x8c, 0x3,
    0xff, 0x89, 0xc0, 0x19, 0x40, 0x3f, 0xf8, 0x84,
    0x60, 0x19, 0x0, 0x3f, 0xe4, 0x0, 0xc4, 0x1,
    0x50, 0x6, 0x78, 0x0, 0xff, 0x8c, 0x3, 0xac,
    0x3, 0xff, 0x88, 0x80, 0x18, 0x80, 0x3f, 0xf8,
    0x8a, 0x1, 0xc6, 0x1, 0xfe, 0x50, 0xe, 0x50,
    0xf, 0xe7, 0x60, 0xf, 0xf5, 0x80, 0x73, 0x88,
    0x7, 0xff, 0x9, 0x0, 0x39, 0x0, 0x3f, 0xf8,
    0x98, 0x1, 0xc8, 0x1, 0xfe, 0x80, 0xe, 0xd0,
    0xa, 0x80, 0x3d, 0x0, 0x1f, 0xe3, 0x10, 0xe,
    0x80, 0xf, 0xfe, 0x16, 0x0, 0x76, 0x80, 0x7f,
    0xf1, 0x10, 0x3, 0x18, 0x80, 0x7f, 0x31, 0x0,
    0x61, 0x40, 0x8, 0xe0, 0x3, 0x84, 0x3, 0xfe,
    0x90, 0xe, 0x65, 0x0, 0xff, 0xe3, 0xa0, 0x7,
    0xff, 0x25, 0x0, 0x3f, 0x8e, 0x40, 0x39, 0x80,
    0x39, 0xe0, 0x3, 0x20, 0x7, 0xfc, 0xe2, 0x1,
    0xd4, 0xa0, 0x1f, 0xfc, 0xa, 0x0, 0xca, 0x20,
    0x1f, 0xfc, 0x44, 0x0, 0xd4, 0x1, 0xf9, 0x30,
    0x3, 0xd2, 0x1, 0xe7, 0x80, 0x1, 0xd0, 0x7,
    0xff, 0x2, 0x80, 0x3d, 0x4e, 0x1, 0xff, 0x16,
    0xb1, 0xbd, 0x0, 0x7f, 0xf1, 0x69, 0x0, 0x68,
    0x80, 0x3e, 0x7b, 0x0, 0xf4, 0x88, 0x7, 0xcf,
    0xd9, 0x81, 0x0, 0xff, 0xe0, 0x23, 0x0, 0x7a,
    0x35, 0x84, 0x3, 0xf8, 0xa7, 0x20, 0x3, 0xff,
    0x8c, 0x37, 0xfc, 0xa0, 0x1e, 0x6d, 0x80, 0xf,
    0x23, 0x0, 0x7f, 0x9, 0x80, 0x7f, 0xf0, 0xe5,
    0x0, 0x3c, 0x53, 0xdb, 0x46, 0x1, 0xff, 0xc4,
    0x8c, 0xa2, 0x0, 0xff, 0xe1, 0x8d, 0x6f, 0xc9,
    0x0, 0x78, 0xa8, 0x3, 0xff, 0xa1, 0x68, 0x1,
    0xf8, 0x96, 0xc0, 0x3f, 0xf8, 0x74, 0xe6, 0xb8,
    0x20, 0x1f, 0xfc, 0x25, 0x51, 0x0, 0x7e, 0x2c,
    0x10, 0xf, 0xfe, 0x8d, 0xb8, 0x7, 0xff, 0x30,
    0x54, 0x2, 0x17, 0x0, 0xff, 0xe6, 0x26, 0x8,
    0x7, 0xff, 0x4e, 0x2c, 0x80, 0x3f, 0xf9, 0x48,
    0x1, 0xff, 0xd1, 0x8b, 0x10, 0xf, 0xfe, 0xaa,
    0x6c, 0x90, 0x7, 0xff, 0x23, 0x0, 0x39, 0x0,
    0x3f, 0xf9, 0x2, 0xdc, 0xe0, 0x1f, 0xfd, 0x96,
    0xdc, 0x84, 0x20, 0xf0, 0x8, 0x50, 0x80, 0x3f,
    0x38, 0x6, 0x12, 0x0, 0xff, 0xe1, 0x38, 0x9,
    0xb5, 0x74, 0x88, 0x7, 0xff, 0x70, 0xde, 0xf7,
    0xdc, 0x0, 0x9d, 0x7b, 0x20, 0x1f, 0x8, 0x6,
    0x50, 0xe, 0x9f, 0xf5, 0x0, 0x78, 0xff, 0xb2,
    0x54, 0x3, 0xff, 0xcf, 0x20, 0x13, 0x20, 0x7,
    0x8c, 0x3, 0x68, 0x6, 0x76, 0x0, 0x2c, 0x80,
    0x7f, 0xfc, 0x48, 0x80, 0x1b, 0x0, 0x3d, 0xc2,
    0x0, 0x36, 0x0, 0xd4, 0x1, 0x90, 0x3, 0xff,
    0xe2, 0xa0, 0x1d, 0xa0, 0x1e, 0x2e, 0xbb, 0x60,
    0x6, 0x12, 0x0, 0xc2, 0x1, 0xff, 0xf1, 0xc0,
    0xe, 0x70, 0xf, 0xc8, 0x80, 0xe, 0x40, 0xe,
    0x40, 0xf, 0xff, 0x8a, 0x80, 0x61, 0x20, 0xf,
    0xfe, 0x1e, 0x0, 0x75, 0x80, 0x7f, 0xfc, 0x4c,
    0x3, 0x20, 0x7, 0xff, 0x10, 0xc0, 0x30, 0x98,
    0x7, 0xff, 0xc6, 0xc0, 0x34, 0x80, 0x7f, 0xf1,
    0x38, 0x3, 0x30, 0x7, 0xff, 0xc9, 0xa4, 0x8e,
    0xcc, 0x3, 0xff, 0x88, 0x94, 0x20, 0xd0, 0x1,
    0xff, 0xf3, 0x6d, 0xc4, 0x0, 0xff, 0xe3, 0x2f,
    0x7c, 0x80, 0x7f, 0xff, 0x4e, 0xb1, 0xc0, 0x3f,
    0xff, 0xe0, 0x1f, 0xe2, 0xc5, 0x38, 0x90, 0xf,
    0xff, 0xf8, 0x7, 0xf5, 0x0, 0x66, 0x0, 0xff,
    0xff, 0x80, 0x7f, 0x28, 0x7, 0xff, 0xfc, 0x3,
    0xff, 0x82, 0x24, 0x1, 0x8c, 0x3, 0xff, 0xfe,
    0x1, 0xf9, 0x0, 0x3a, 0xc0, 0x3f, 0xff, 0xe0,
    0x1f, 0x88, 0x3, 0x90, 0x3, 0xff, 0xfe, 0x1,
    0xf9, 0x0, 0x30, 0x98, 0x7, 0xff, 0xfc, 0x3,
    0xf1, 0xc0, 0x5, 0x60, 0x1f, 0xff, 0xf0, 0xf,
    0xf3, 0xf5, 0xf2, 0x80, 0x7f, 0xfb, 0x80,

    /* U+F00A "" */
    0x0, 0xff, 0xf4, 0x25, 0x49, 0x80, 0x7f, 0xff,
    0xc0, 0x3f, 0xc9, 0x6a, 0xd8, 0x40, 0x1f, 0xff,
    0xf0, 0xf, 0xe8, 0x0, 0xd6, 0x1, 0xff, 0xff,
    0x0, 0xfe, 0x20, 0xc, 0x40, 0x1f, 0xff, 0xf0,
    0xf, 0xff, 0xf8, 0x7, 0xff, 0xfc, 0x3, 0xff,
    0xfe, 0x1, 0xff, 0xff, 0x0, 0xff, 0xff, 0x80,
    0x7f, 0xff, 0xc0, 0x3f, 0xfa, 0xc2, 0x20, 0xf,
    0xfe, 0xe0, 0xdf, 0xfa, 0x0, 0x3f, 0xf8, 0xc6,
    0x1, 0x88, 0x3, 0xff, 0x8d, 0x3d, 0xcb, 0x0,
    0xff, 0xed, 0xda, 0x0, 0x1e, 0x40, 0x3f, 0xf8,
    0xb0, 0x1, 0xa8, 0x3, 0xff, 0x8b, 0x6c, 0x0,
    0x49, 0x0, 0xff, 0xed, 0x28, 0x6, 0x6a, 0x0,
    0xff, 0xe2, 0x2d, 0xb3, 0x30, 0xc0, 0x3f, 0xf8,
    0x96, 0x80, 0x19, 0x0, 0x3f, 0xfb, 0x42, 0x1,
    0xca, 0xc0, 0x1f, 0xfc, 0x44, 0x99, 0x18, 0x7,
    0xff, 0x12, 0x90, 0x3, 0x98, 0x3, 0xff, 0xb5,
    0x60, 0x1e, 0xd0, 0xf, 0xfe, 0xbd, 0x28, 0x7,
    0xa0, 0x3, 0xff, 0xb4, 0xb0, 0x1, 0xc2, 0x1,
    0xff, 0xd6, 0xa5, 0x0, 0xf5, 0x98, 0x7, 0xff,
    0x6d, 0xe0, 0x3, 0x48, 0x7, 0xff, 0x55, 0x14,
    0x3, 0xd6, 0x80, 0x1f, 0xfd, 0xd7, 0xb5, 0x4c,
    0x30, 0xf, 0xfe, 0xa9, 0x80, 0x7a, 0xd0, 0x3,
    0xff, 0xbe, 0x95, 0x66, 0x1, 0xff, 0xc3, 0x46,
    0x89, 0x87, 0x63, 0x0, 0xff, 0x8c, 0x3, 0xad,
    0x0, 0x3f, 0xfe, 0xb, 0x7f, 0x72, 0xec, 0xf1,
    0x39, 0xf4, 0x80, 0x1f, 0x91, 0x80, 0x2b, 0x40,
    0xf, 0xff, 0x7b, 0x75, 0x20, 0x7, 0xf9, 0x6f,
    0x54, 0x3, 0xe9, 0xca, 0xe4, 0x0, 0xff, 0xf7,
    0x16, 0x48, 0x80, 0x7f, 0xf0, 0x8a, 0xac, 0x40,
    0x3c, 0x6a, 0x20, 0x1f, 0xfd, 0xe3, 0x7a, 0xde,
    0xff, 0x76, 0xd4, 0x18, 0x6, 0x4c, 0x30, 0xf,
    0xfe, 0x32, 0x79, 0x80, 0x7f, 0xf8, 0xc6, 0x3b,
    0x21, 0x48, 0x40, 0x2, 0x4a, 0xf9, 0xd0, 0x29,
    0x62, 0x1, 0xff, 0xc8, 0x1c, 0x40, 0xf, 0xff,
    0x0, 0xcf, 0x38, 0x80, 0x7f, 0xf0, 0x5, 0xfa,
    0xc0, 0x3e, 0x26, 0xbd, 0xee, 0x6d, 0x30, 0x80,
    0x7d, 0x66, 0x1, 0xff, 0xde, 0x4f, 0x60, 0xf,
    0xfe, 0x60, 0xce, 0xca, 0x10, 0x88, 0x96, 0x7a,
    0x4, 0x3, 0xda, 0x20, 0x1f, 0xfd, 0xc8, 0xb1,
    0x0, 0xff, 0xe6, 0x27, 0x30, 0x7, 0xf9, 0xfc,
    0x80, 0x38, 0x6c, 0x3, 0xff, 0xb7, 0x2e, 0x1,
    0xfc, 0x48, 0xaa, 0x43, 0x0, 0xff, 0xd, 0x0,
    0x7f, 0xf0, 0x47, 0x50, 0x3, 0x95, 0x0, 0x3f,
    0xfb, 0x34, 0xc0, 0x1f, 0x25, 0x76, 0xdd, 0x52,
    0xf3, 0xed, 0x40, 0x3e, 0x1d, 0x0, 0xff, 0xe1,
    0xd1, 0x0, 0x74, 0x0, 0x7f, 0xf6, 0x1d, 0x40,
    0x3c, 0x79, 0x6a, 0x20, 0x1f, 0x25, 0x6a, 0x80,
    0x78, 0xe8, 0x3, 0xff, 0x84, 0x3e, 0x1, 0xc6,
    0x60, 0xf, 0xfe, 0xb2, 0x40, 0x7, 0x9f, 0xc,
    0x3, 0xff, 0x80, 0x55, 0x20, 0x1e, 0x55, 0x0,
    0x7f, 0xf0, 0x89, 0x80, 0x3a, 0xc0, 0x3f, 0xfa,
    0xd4, 0x1, 0xe9, 0x80, 0xf, 0xfe, 0x23, 0x60,
    0x80, 0x75, 0x8, 0x7, 0xff, 0xa, 0x0, 0x39,
    0x40, 0x3f, 0xfa, 0xae, 0x20, 0x1d, 0x2c, 0x1,
    0xff, 0xc6, 0x3d, 0x0, 0xf4, 0x0, 0x7f, 0xf0,
    0x84, 0xc0, 0x31, 0x8, 0x7, 0xe1, 0x1f, 0x80,
    0x3f, 0xf8, 0xb2, 0x1, 0xcc, 0xc0, 0xf, 0xfe,
    0x41, 0xd0, 0x7, 0x30, 0x80, 0x7f, 0xf0, 0x90,
    0x3, 0x88, 0x3, 0x86, 0xbf, 0xbb, 0xf2, 0x80,
    0x7f, 0xf0, 0x98, 0x40, 0x30, 0xc0, 0x7, 0xff,
    0x29, 0x50, 0x3, 0x98, 0x3, 0xff, 0x85, 0xc0,
    0x1c, 0xc0, 0x1d, 0x6a, 0x1, 0xf8, 0x68, 0x80,
    0x3f, 0xf8, 0x3a, 0x1, 0xd0, 0x20, 0x1f, 0xfc,
    0xba, 0x0, 0xea, 0x0, 0xff, 0xe1, 0x18, 0x7,
    0x18, 0x7, 0x28, 0x7, 0xfc, 0xa0, 0x1f, 0xfc,
    0x1, 0x40, 0xe, 0x60, 0xf, 0xfe, 0x60, 0xa0,
    0x6, 0x22, 0x0, 0x7f, 0xf1, 0xcc, 0x3, 0x88,
    0x3, 0xfe, 0x20, 0xf, 0xf8, 0xa0, 0x3, 0x94,
    0x3, 0xff, 0x9d, 0xc0, 0x1d, 0xbf, 0xdb, 0x4e,
    0x40, 0x1f, 0x10, 0x7, 0x8, 0x7, 0x48, 0x7,
    0xf8, 0xd4, 0x3, 0xf9, 0xb7, 0x4c, 0x1, 0xd8,
    0x1, 0xff, 0xce, 0x40, 0xf, 0x84, 0x96, 0x37,
    0x4c, 0x1, 0xda, 0x1, 0xcc, 0x1, 0xc9, 0xb0,
    0xcd, 0xf4, 0xe0, 0x7, 0xe5, 0xe9, 0x20, 0xf,
    0x94, 0x3, 0xff, 0x9c, 0x22, 0x0, 0xff, 0x8a,
    0x74, 0xc0, 0x25, 0x0, 0xe2, 0x0, 0xf1, 0x3c,
    0xcf, 0xcc, 0x1, 0xfa, 0x68, 0x40, 0x3f, 0x8c,
    0x3, 0xff, 0x9e, 0xa0, 0x1f, 0xfc, 0x12, 0xc7,
    0x5, 0x0, 0xe4, 0x0, 0xff, 0xe6, 0x63, 0x0,
    0x7f, 0x84, 0x3, 0xff, 0xa0, 0x40, 0x1f, 0xfc,
    0x38, 0x98, 0x0, 0xed, 0x0, 0xff, 0xe5, 0xd9,
    0x80, 0x7f, 0x1a, 0x40, 0x7, 0xff, 0x43, 0x55,
    0x7c, 0x84, 0x1, 0xf9, 0x88, 0x3, 0x98, 0x3,
    0xff, 0x95, 0x28, 0x1, 0xf3, 0x67, 0xe5, 0xb0,
    0x7, 0xff, 0x41, 0x2a, 0xbd, 0x7b, 0xd0, 0x20,
    0x1f, 0xf3, 0x80, 0x7f, 0xf2, 0x91, 0x80, 0x3c,
    0xbd, 0x26, 0x1, 0xff, 0xdd, 0x17, 0xe7, 0x0,
    0xfe, 0x19, 0x0, 0xff, 0xe5, 0x50, 0x7, 0xa6,
    0x84, 0x3, 0xff, 0xc5, 0x14, 0x1, 0xfa, 0xc4,
    0x3, 0xff, 0x92, 0xc2, 0x1, 0xd2, 0xc0, 0x1f,
    0xfe, 0x55, 0xa0, 0xf, 0x2a, 0x80, 0x3f, 0xf9,
    0x56, 0x1, 0xcc, 0xc0, 0xf, 0xff, 0x3a, 0xb0,
    0x7, 0x30, 0x7, 0xff, 0x28, 0xc8, 0x3, 0xc,
    0x80, 0x7f, 0xfa, 0x64, 0x40, 0x31, 0x90, 0x7,
    0xff, 0x25, 0x0, 0x3a, 0x40, 0x3f, 0xfd, 0x72,
    0x1, 0xca, 0x1, 0xff, 0xc9, 0xc0, 0xe, 0x50,
    0xf, 0xff, 0x5a, 0x80, 0x76, 0x80, 0x7f, 0xf2,
    0x58, 0x3, 0x11, 0x0, 0x3f, 0xfd, 0x64, 0x20,
    0x19, 0x80, 0x3f, 0xf9, 0x26, 0x1, 0x98, 0x3,
    0xff, 0xda, 0x40, 0x18, 0x40, 0x3f, 0xf9, 0x22,
    0x1, 0x84, 0x3, 0xff, 0xda, 0xe0, 0x18, 0xc0,
    0x3f, 0xf9, 0x22, 0x1, 0x84, 0x3, 0xff, 0xda,
    0xc0, 0x18, 0xc0, 0x35, 0x7f, 0xa4, 0x3, 0xff,
    0x82, 0x60, 0x19, 0x80, 0x3f, 0xfd, 0xa6, 0x1,
    0x84, 0x2, 0x85, 0x0, 0x35, 0x80, 0x7f, 0xf0,
    0x18, 0x3, 0x11, 0x0, 0x3f, 0xfd, 0x66, 0x20,
    0x19, 0x80, 0x24, 0x0, 0xc9, 0x40, 0x1f, 0xf6,
    0x0, 0x72, 0x80, 0x7f, 0xfa, 0xec, 0x3, 0xb0,
    0x2, 0x70, 0xe, 0x57, 0x0, 0xff, 0x28, 0x7,
    0x48, 0x7, 0xff, 0x38, 0x94, 0x80, 0x3f, 0xf9,
    0xa2, 0xe0, 0x1c, 0x80, 0x14, 0x0, 0x7a, 0x80,
    0x3f, 0xc4, 0x40, 0xc, 0x32, 0x1, 0xff, 0xcc,
    0x6d, 0xad, 0x80, 0xf, 0xfe, 0x65, 0x80, 0x71,
    0x90, 0x4, 0x74, 0x1, 0xc2, 0x1, 0xff, 0x40,
    0x7, 0x33, 0x0, 0x3f, 0xf9, 0x43, 0x20, 0x13,
    0x90, 0x7, 0xff, 0x29, 0xd4, 0x3, 0xa4, 0x3,
    0x96, 0x80, 0x34, 0x0, 0x7f, 0xca, 0x40, 0x1d,
    0x2c, 0x1, 0xff, 0xc9, 0x20, 0xe, 0x60, 0xf,
    0xfe, 0x4b, 0xc0, 0x7, 0x1a, 0x80, 0x79, 0x75,
    0xd6, 0xd0, 0x3, 0xff, 0x81, 0xc0, 0x1e, 0x99,
    0x8, 0x7, 0xff, 0x1c, 0xc4, 0x3, 0x28, 0x7,
    0xff, 0x1c, 0x6a, 0x0, 0x3d, 0xc0, 0x1f, 0x8a,
    0x29, 0x0, 0x3f, 0xf8, 0x27, 0x0, 0x1e, 0x6f,
    0x83, 0x0, 0xff, 0xe3, 0x68, 0x80, 0xd8, 0x80,
    0x7f, 0xf1, 0x4e, 0x79, 0x40, 0x3d, 0x24, 0x1,
    0xff, 0xce, 0x75, 0x0, 0xf0, 0xbe, 0x7e, 0xa0,
    0x7, 0x2d, 0x50, 0xc0, 0x3c, 0x7d, 0xd2, 0x0,
    0x78, 0xa6, 0xd8, 0x3, 0x97, 0x7f, 0x18, 0x3,
    0xe7, 0x60, 0xf, 0xfe, 0x85, 0x30, 0x7, 0xf1,
    0x18, 0x6, 0x5a, 0x55, 0x61, 0x80, 0x7c, 0x20,
    0x1f, 0xe, 0x32, 0x4c, 0x0, 0x6c, 0x20, 0xf,
    0xe7, 0x80, 0xf, 0xfe, 0x94, 0xc0, 0x7, 0xff,
    0xa, 0x40, 0x35, 0x0, 0x7f, 0xf0, 0xdc, 0x40,
    0x27, 0x0, 0xff, 0xe1, 0x4c, 0x0, 0x7f, 0xf5,
    0x1f, 0x50, 0x3, 0xff, 0x80, 0xe0, 0x18, 0x40,
    0x3f, 0xf9, 0x2, 0x1, 0xff, 0xc0, 0x4d, 0x60,
    0xf, 0xfe, 0xb1, 0x5d, 0x94, 0x3, 0xfd, 0xc0,
    0x1a, 0x80, 0x3f, 0xf8, 0x6e, 0x20, 0x13, 0x0,
    0x7f, 0x92, 0xec, 0x40, 0x1f, 0xfd, 0x94, 0xae,
    0xb7, 0x53, 0x20, 0xc, 0xb4, 0x8b, 0x84, 0x1,
    0xff, 0xc3, 0x1c, 0x54, 0x88, 0x0, 0x6f, 0x35,
    0x7a, 0xeb, 0x40, 0xf, 0xfe, 0xe8, 0xa4, 0x56,
    0x28, 0x7, 0x2d, 0xd1, 0x80, 0x7c, 0x6c, 0x80,
    0x1f, 0x15, 0x5b, 0x80, 0x73, 0x65, 0x42, 0x88,
    0x7, 0xff, 0xd1, 0xf2, 0x6e, 0x40, 0x3f, 0xff,
    0xe0, 0x1f, 0xc3, 0x0, 0x13, 0x10, 0x7, 0xff,
    0xfc, 0x3, 0xf1, 0x0, 0x73, 0x0, 0x7f, 0xff,
    0xc0, 0x3f, 0x18, 0x80, 0x65, 0x0, 0xff, 0xff,
    0x80, 0x7f, 0x68, 0x80, 0xd8, 0x80, 0x7f, 0xff,
    0x92, 0xa4, 0xc0, 0x3c, 0x7d, 0xd2, 0x0, 0x78,
    0x66, 0x98, 0x3, 0xff, 0xe8, 0xb6, 0xad, 0x84,
    0x1, 0xf0, 0x80, 0x7c, 0x3e, 0xcb, 0x30, 0x1,
    0xff, 0xf3, 0xe0, 0xd, 0x40, 0x1f, 0xfc, 0x37,
    0x10, 0x9, 0x80, 0x3f, 0xfe, 0x6e, 0x1, 0x84,
    0x3, 0xff, 0x90, 0x20, 0x1f, 0xff, 0x3a, 0x0,
    0xda, 0x1, 0xff, 0xc3, 0x70, 0xc, 0xc0, 0x1f,
    0xff, 0x36, 0x93, 0x35, 0x20, 0x7, 0xff, 0xc,
    0x71, 0x9, 0xa4, 0x3, 0xff, 0xe8, 0xd9, 0x85,
    0x0, 0xfc, 0x20, 0x1f, 0x8e, 0xf6, 0x40, 0x3f,
    0xff, 0xe7, 0xdd, 0x20, 0x7, 0xff, 0xfc, 0x3,
    0xfd, 0xa2, 0x3, 0x62, 0x1, 0xff, 0xff, 0x0,
    0xfc, 0x62, 0x1, 0x94, 0x3, 0xff, 0xfe, 0x1,
    0xf8, 0x80, 0x39, 0x80, 0x3f, 0xff, 0xe0, 0x1f,
    0x86, 0x0, 0x26, 0x20, 0xf, 0xff, 0xf8, 0x7,
    0xf3, 0xe4, 0xe4, 0x80, 0x7f, 0xfa, 0x40,

    /* U+F00C "" */
    0x0, 0xff, 0xed, 0xc, 0xe5, 0xa8, 0x7, 0xff,
    0xff, 0x18, 0xd2, 0x9c, 0x3, 0xff, 0xfa, 0xa4,
    0x1, 0xa4, 0x3, 0xff, 0xfa, 0x40, 0x1c, 0x20,
    0x1f, 0xff, 0xf0, 0xf, 0xff, 0xf8, 0x7, 0xff,
    0xfc, 0x3, 0xff, 0xfe, 0x1, 0xff, 0xff, 0x0,
    0xff, 0xff, 0x80, 0x7f, 0xff, 0xc0, 0x3f, 0xff,
    0xe0, 0x1f, 0x9b, 0x7a, 0x44, 0x3, 0xff, 0x90,
    0x20, 0x1f, 0xfc, 0xf5, 0xce, 0xa1, 0x0, 0xff,
    0xe4, 0xac, 0x90, 0xb7, 0x90, 0x7, 0xff, 0x1d,
    0xc0, 0x39, 0x40, 0x3f, 0xf9, 0x11, 0x46, 0x2b,
    0x80, 0x1f, 0xfc, 0x99, 0x0, 0xc3, 0x84, 0x1,
    0xff, 0xc6, 0x1a, 0x0, 0x8e, 0xc0, 0x3f, 0xf8,
    0xf0, 0xe0, 0x18, 0x98, 0x3, 0xff, 0x90, 0x20,
    0x1c, 0x38, 0x40, 0x1f, 0xfc, 0x65, 0xeb, 0xcc,
    0x8, 0x7, 0xff, 0x1a, 0x1c, 0x3, 0xc2, 0x1,
    0xff, 0xc8, 0x70, 0xf, 0xe, 0x10, 0x7, 0xff,
    0x18, 0x50, 0xc0, 0x3f, 0xf8, 0xf0, 0xe0, 0x1f,
    0x18, 0x7, 0xff, 0x22, 0xc4, 0x3, 0xc3, 0x84,
    0x1, 0xff, 0xda, 0x87, 0x0, 0xf9, 0x50, 0x3,
    0xff, 0x90, 0x3a, 0x20, 0x1e, 0x1c, 0x10, 0xf,
    0xfe, 0xc3, 0xb8, 0x3, 0xe5, 0xa0, 0xf, 0xfe,
    0x51, 0xe8, 0x7, 0xc3, 0x60, 0x1f, 0xfd, 0x72,
    0x80, 0xf, 0x96, 0x80, 0x3f, 0xf9, 0x87, 0x80,
    0x1f, 0x20, 0x7, 0xff, 0x5d, 0xc0, 0x3e, 0x4a,
    0x0, 0xff, 0xe7, 0x1d, 0x80, 0x78, 0xc0, 0x3f,
    0xf8, 0xa2, 0x1, 0xff, 0xc5, 0x10, 0xf, 0x25,
    0x80, 0x7f, 0xf4, 0x12, 0x80, 0x3a, 0x80, 0x3f,
    0xe1, 0x69, 0xcf, 0xf7, 0x7f, 0xba, 0xdc, 0xc0,
    0x3f, 0xe4, 0x10, 0xc, 0x96, 0x1, 0xff, 0xd2,
    0x5b, 0x30, 0x18, 0x70, 0xf, 0xe4, 0xbe, 0x96,
    0x30, 0xe, 0x14, 0x8c, 0xd7, 0x10, 0xf, 0xed,
    0x30, 0x3, 0xd8, 0x7, 0xff, 0x51, 0x33, 0xf9,
    0xc0, 0x3f, 0x26, 0x5a, 0x0, 0x7f, 0xf0, 0x4a,
    0x3a, 0x0, 0x3f, 0x1e, 0x7f, 0xa0, 0x3, 0xff,
    0xc3, 0x36, 0x60, 0x1f, 0xfc, 0x67, 0xd3, 0x0,
    0xff, 0xf5, 0x16, 0xb0, 0x7, 0xff, 0x24, 0xb1,
    0xc0, 0x3f, 0xfd, 0x7, 0x84, 0x1, 0xff, 0xcc,
    0x89, 0x0, 0xff, 0xf3, 0x16, 0x88, 0x7, 0xf2,
    0x3c, 0xd4, 0xc3, 0x8, 0x7, 0xf3, 0x40, 0x7,
    0xff, 0x90, 0x7c, 0x40, 0x3e, 0x2a, 0xfb, 0x86,
    0x56, 0x79, 0xed, 0x60, 0xf, 0xce, 0xc0, 0x1f,
    0xfe, 0x3b, 0x20, 0xf, 0xa7, 0x54, 0x3, 0xf8,
    0xa7, 0x4c, 0x3, 0xe9, 0x20, 0xf, 0xff, 0xa,
    0xa8, 0x3, 0xc3, 0x8c, 0x1, 0xff, 0xc1, 0x2c,
    0x50, 0xf, 0xb8, 0x3, 0xff, 0xc3, 0x0, 0x1e,
    0x1c, 0x30, 0xf, 0xfe, 0x25, 0x30, 0x7, 0x8d,
    0x40, 0x3f, 0xfb, 0xea, 0x40, 0x1e, 0xd2, 0x0,
    0xff, 0xe3, 0x4a, 0x0, 0x7a, 0x0, 0x3f, 0xfb,
    0xf2, 0x1, 0xe9, 0x30, 0xf, 0xfe, 0x45, 0x8,
    0x7, 0x12, 0x0, 0x7f, 0xf7, 0x48, 0xc0, 0x38,
    0x98, 0x3, 0xff, 0x92, 0x32, 0x1, 0xee, 0x0,
    0xff, 0xee, 0xa8, 0x7, 0xa0, 0x3, 0xff, 0x96,
    0xe2, 0x1, 0xca, 0x1, 0xff, 0xdd, 0xc0, 0xf,
    0x28, 0x7, 0xff, 0x31, 0xc0, 0x3c, 0x60, 0x1f,
    0xfc, 0x95, 0x77, 0xf2, 0x88, 0x7, 0xf9, 0x40,
    0x39, 0x40, 0x3f, 0xf9, 0xba, 0x1, 0xe5, 0x0,
    0xfc, 0x8e, 0xfe, 0x62, 0x0, 0x16, 0xd4, 0x47,
    0xab, 0x90, 0x3, 0xf8, 0x40, 0x3b, 0x40, 0x3f,
    0xf9, 0xaa, 0x1, 0xef, 0x0, 0xfb, 0x2e, 0x23,
    0xd3, 0xae, 0x12, 0x40, 0x1f, 0xd4, 0x1, 0xf8,
    0x40, 0x3c, 0x40, 0x1f, 0xfc, 0xd1, 0x0, 0xf1,
    0x80, 0x79, 0xcc, 0x3, 0xfa, 0x9, 0x40, 0x3f,
    0xc2, 0x40, 0x1f, 0x18, 0x7, 0xaf, 0x2e, 0x14,
    0x3, 0xff, 0x94, 0x20, 0x1c, 0x20, 0x1e, 0xc0,
    0xf, 0xf9, 0xcc, 0x3, 0xfe, 0x30, 0xf, 0x84,
    0x3, 0xc2, 0x68, 0xf5, 0xf2, 0x40, 0x1f, 0xfd,
    0x41, 0x0, 0xff, 0x86, 0x80, 0x3f, 0xca, 0x20,
    0x1e, 0x2f, 0x0, 0xff, 0xe0, 0x36, 0xb8, 0x7,
    0xff, 0x18, 0x40, 0x38, 0x40, 0x3d, 0x20, 0x1f,
    0xe2, 0x47, 0x93, 0x11, 0xf1, 0x3d, 0x0, 0x79,
    0xb4, 0xc0, 0x3f, 0xf8, 0x51, 0x62, 0x1, 0xff,
    0xc3, 0x10, 0xf, 0x18, 0x7, 0x8e, 0xd0, 0x47,
    0xc4, 0xd8, 0x0, 0x6c, 0xee, 0xf6, 0xc0, 0x7,
    0x9a, 0x40, 0x3f, 0xf8, 0xa9, 0x82, 0x1, 0xff,
    0xc2, 0x40, 0xf, 0x78, 0x7, 0xc9, 0x7d, 0xde,
    0xd9, 0x10, 0xf, 0xfe, 0x2a, 0xc8, 0x7, 0xff,
    0x1c, 0xa8, 0x3, 0xff, 0x85, 0xe0, 0x1e, 0x50,
    0xf, 0xfe, 0xb0, 0xd8, 0x7, 0xe2, 0x57, 0x63,
    0x0, 0xfc, 0x8e, 0x1, 0xff, 0xc0, 0x25, 0x0,
    0xe1, 0x30, 0xf, 0xfe, 0xb5, 0x88, 0x7, 0x8a,
    0xf6, 0xa2, 0x73, 0x98, 0x3, 0xe8, 0x10, 0xf,
    0xfa, 0x0, 0x3c, 0xe0, 0x1f, 0xfd, 0x61, 0x50,
    0xf, 0x26, 0xa0, 0x7, 0xc, 0xd0, 0x7, 0xd2,
    0x1, 0xfe, 0x45, 0x0, 0xf5, 0x0, 0x7f, 0xf5,
    0x98, 0x3, 0xc7, 0x60, 0x1f, 0xcb, 0x20, 0x1e,
    0x62, 0x10, 0xf, 0x8a, 0x80, 0x3c, 0x86, 0x1,
    0xff, 0xd4, 0x16, 0x90, 0xf, 0x70, 0x7, 0xfc,
    0xc8, 0x1, 0xc3, 0xbd, 0xca, 0x30, 0x8, 0xbc,
    0x40, 0x3d, 0x0, 0x1f, 0xfd, 0x47, 0xe9, 0x10,
    0xe, 0x42, 0x0, 0xff, 0xe0, 0x78, 0x7, 0xe1,
    0x5c, 0xb1, 0x4c, 0x20, 0xf, 0x31, 0x80, 0x7f,
    0xf4, 0x87, 0x20, 0x3, 0xf6, 0x0, 0x7f, 0xf0,
    0x50, 0x3, 0xfe, 0x4e, 0xb1, 0x0, 0xf0, 0xc0,
    0x7, 0xff, 0x48, 0x70, 0xc0, 0x3f, 0x8c, 0x3,
    0xff, 0x84, 0x60, 0x1f, 0xfc, 0x8d, 0x10, 0xf,
    0xfe, 0x96, 0x90, 0x7, 0xf9, 0x40, 0x3f, 0xf8,
    0x4c, 0x1, 0xff, 0xc7, 0xa3, 0x0, 0xff, 0xe9,
    0x39, 0x80, 0x7f, 0x88, 0x40, 0x3f, 0xf8, 0x5a,
    0x1, 0xff, 0xc6, 0xb5, 0x0, 0xff, 0xe9, 0xc0,
    0x7, 0xc9, 0x39, 0xda, 0x1, 0xff, 0xc3, 0x7c,
    0xcd, 0x74, 0xc0, 0x1f, 0xc5, 0x88, 0x1, 0xff,
    0xd3, 0x60, 0xf, 0xaa, 0xd8, 0xc4, 0x3, 0xff,
    0x8a, 0x67, 0x91, 0x67, 0x48, 0x3, 0xc3, 0xa6,
    0x1, 0xff, 0xd4, 0xd0, 0xf, 0x4a, 0x80, 0x7f,
    0xf4, 0xb, 0x4, 0x3, 0x84, 0x3, 0xf0, 0xa1,
    0x80, 0x7f, 0xf2, 0xd4, 0x3, 0x85, 0x80, 0x3f,
    0xfa, 0x43, 0x20, 0x1e, 0x40, 0xf, 0x37, 0x5e,
    0x60, 0x80, 0x3f, 0xf9, 0x22, 0x1, 0xce, 0x1,
    0xff, 0xd4, 0x50, 0xf, 0x8, 0x7, 0xc, 0x80,
    0x47, 0x84, 0x1, 0xff, 0xc7, 0x10, 0xf, 0x8,
    0x7, 0xff, 0x50, 0x80, 0x3c, 0x60, 0x1c, 0x80,
    0x1c, 0x38, 0x40, 0x1f, 0xfc, 0x61, 0x0, 0xf0,
    0x80, 0x7f, 0xf5, 0x4, 0x3, 0xc6, 0x1, 0xc2,
    0x1, 0xe1, 0xc2, 0x0, 0xff, 0xe3, 0x8, 0x7,
    0x20, 0x7, 0xff, 0x51, 0xc0, 0x3c, 0x20, 0x1c,
    0x84, 0x1, 0xe1, 0xc2, 0x0, 0xff, 0xe2, 0xa0,
    0x7, 0x12, 0x80, 0x7f, 0xf4, 0xec, 0x3, 0xca,
    0x1, 0xee, 0x0, 0xf8, 0x70, 0x80, 0x3f, 0xf8,
    0x9e, 0x1, 0xea, 0x30, 0xf, 0xfe, 0x8d, 0x90,
    0x7, 0x18, 0x80, 0x78, 0xf0, 0x40, 0x3c, 0x3e,
    0x1, 0xff, 0xc4, 0x51, 0x0, 0xf6, 0x49, 0x80,
    0x7f, 0xf3, 0x5, 0xb5, 0x0, 0x3d, 0x20, 0x1f,
    0x8f, 0x44, 0x3, 0xc4, 0xc0, 0x1f, 0xfc, 0x48,
    0x0, 0xf9, 0xb3, 0xff, 0xff, 0x99, 0xd2, 0x40,
    0x1e, 0x25, 0x0, 0xfe, 0x3d, 0x10, 0xf, 0x8,
    0x7, 0xff, 0x11, 0x90, 0x3, 0xff, 0xbb, 0xc0,
    0x1f, 0xf1, 0xe0, 0x80, 0x71, 0x80, 0x7f, 0xf1,
    0x68, 0x80, 0x3f, 0xfb, 0x74, 0x60, 0x1f, 0xfc,
    0x2, 0xc1, 0x0, 0x95, 0x0, 0x3f, 0xf8, 0xa3,
    0x86, 0x1, 0xff, 0xd9, 0x95, 0x0, 0xff, 0xe1,
    0x17, 0xbb, 0x5d, 0x0, 0x7f, 0xf1, 0xc7, 0x18,
    0x3, 0xff, 0xac, 0x58, 0xc0, 0x1f, 0xfc, 0x41,
    0x89, 0x40, 0xf, 0xfe, 0x54, 0xea, 0x88, 0x7,
    0xff, 0x44, 0xe7, 0x4c, 0x3, 0xff, 0xc0, 0x55,
    0xd9, 0x51, 0x1f, 0xfc, 0xc9, 0xbe, 0xc6, 0x0,
    0xff, 0xeb, 0x0,

    /* U+F00D "" */
    0x0, 0xff, 0xeb, 0x2b, 0x10, 0x7, 0xff, 0xdf,
    0x2a, 0x75, 0x0, 0x3f, 0xfe, 0xac, 0x60, 0x15,
    0x0, 0x7f, 0xfd, 0x7c, 0x3, 0x8, 0x80, 0x3f,
    0xff, 0xe0, 0x1f, 0xff, 0xf0, 0xf, 0xff, 0xf8,
    0x7, 0xff, 0xfc, 0x3, 0xff, 0xfe, 0x1, 0xff,
    0xff, 0x0, 0xff, 0xe3, 0x26, 0x75, 0x90, 0x7,
    0xff, 0x14, 0x40, 0x38, 0x40, 0x3f, 0xf8, 0xa7,
    0x9d, 0x64, 0x1, 0xff, 0xc7, 0x2b, 0x31, 0x4c,
    0x20, 0xf, 0xfe, 0x25, 0x80, 0x65, 0x0, 0xff,
    0xe2, 0x9e, 0x18, 0xa7, 0x80, 0x7f, 0xf1, 0xd0,
    0x3, 0xe, 0x10, 0x7, 0xff, 0xc, 0xed, 0xd,
    0xe8, 0x3, 0xff, 0x88, 0x78, 0x1, 0x88, 0xc0,
    0x3f, 0xf8, 0xc6, 0x1, 0xc3, 0x84, 0x1, 0xff,
    0xc3, 0x4b, 0xc8, 0x0, 0xff, 0xe2, 0x1e, 0x0,
    0x78, 0x40, 0x3f, 0xf8, 0xca, 0x40, 0x1c, 0x38,
    0x40, 0x1f, 0xfd, 0x53, 0xc0, 0xf, 0x21, 0x0,
    0x7f, 0xf1, 0xfc, 0x80, 0x38, 0x70, 0x40, 0x3f,
    0xfa, 0x65, 0xa0, 0x1e, 0x4b, 0x0, 0xff, 0xe4,
    0x16, 0x10, 0x7, 0xd, 0x0, 0x7f, 0xf4, 0xf8,
    0x40, 0x39, 0x2c, 0x3, 0xff, 0x94, 0x38, 0x40,
    0x1c, 0xa0, 0x1f, 0xfd, 0x33, 0x0, 0xe5, 0xb0,
    0xf, 0xfe, 0x60, 0xe1, 0x80, 0x62, 0x0, 0xff,
    0x89, 0x5e, 0x26, 0x1d, 0x4, 0x3, 0xfe, 0x20,
    0xc, 0xb4, 0x1, 0xff, 0xce, 0x1c, 0x40, 0x0,
    0xf8, 0x7, 0xe2, 0x8e, 0xda, 0x87, 0x67, 0x8b,
    0xec, 0x71, 0x0, 0xfd, 0x20, 0x13, 0x50, 0x7,
    0xff, 0x46, 0xf2, 0xf8, 0xc0, 0x3c, 0x55, 0xae,
    0x20, 0x1f, 0xc7, 0x1c, 0xe0, 0x1f, 0x27, 0x5e,
    0xc8, 0x7, 0xff, 0x4c, 0xd0, 0x3, 0xe7, 0xd5,
    0x0, 0xff, 0xe1, 0xc7, 0x20, 0x7, 0x85, 0x8,
    0x3, 0xff, 0xb9, 0x70, 0x1, 0xff, 0xc6, 0x1b,
    0x70, 0xf, 0xff, 0x1e, 0x20, 0x7, 0xff, 0x26,
    0x24, 0x3, 0xff, 0xc3, 0x66, 0x1, 0xf1, 0x3d,
    0x66, 0xe5, 0x31, 0x0, 0x7c, 0xce, 0x1, 0xff,
    0xdf, 0x84, 0x0, 0xf1, 0xe6, 0xc2, 0x99, 0x1a,
    0xce, 0xd9, 0x0, 0x7a, 0x14, 0x3, 0xff, 0xba,
    0x6e, 0x1, 0xe9, 0xc3, 0x0, 0xfe, 0x4d, 0x70,
    0xf, 0x58, 0x80, 0x7f, 0xf7, 0x38, 0x3, 0xd6,
    0xc0, 0x1f, 0xfc, 0x18, 0x90, 0xe, 0x19, 0x0,
    0xff, 0xed, 0xa9, 0x0, 0x75, 0x20, 0x7, 0xff,
    0xd, 0xa0, 0x3, 0x9c, 0x40, 0x3f, 0xfb, 0x52,
    0x1, 0xce, 0xa0, 0x1f, 0xfc, 0x57, 0x40, 0xe,
    0x90, 0xf, 0xfe, 0xc8, 0x98, 0x6, 0x19, 0x0,
    0xff, 0xe3, 0xc8, 0x7, 0x30, 0x7, 0xff, 0x65,
    0xc0, 0x39, 0x84, 0x3, 0xff, 0x8e, 0x4a, 0x1,
    0x84, 0x80, 0x3f, 0xfb, 0x18, 0x1, 0xd6, 0x1,
    0xff, 0xc9, 0xf0, 0xe, 0x40, 0xf, 0xfe, 0x3c,
    0xf7, 0xff, 0xd8, 0x60, 0x1e, 0x60, 0xc, 0x26,
    0x1, 0xff, 0xc9, 0x50, 0xe, 0xf0, 0xf, 0x26,
    0xff, 0xfd, 0xae, 0x12, 0xc2, 0x1, 0xf1, 0xe8,
    0x7, 0x88, 0x3, 0x10, 0x7, 0xff, 0x2c, 0x40,
    0x31, 0x80, 0x71, 0x59, 0x0, 0x7c, 0x50, 0xce,
    0x1, 0xfe, 0x14, 0x0, 0xe1, 0x0, 0xce, 0x1,
    0xff, 0xcb, 0x30, 0xc, 0x20, 0x1c, 0x80, 0x1f,
    0xf5, 0x0, 0x7f, 0xf0, 0x1c, 0x3, 0x84, 0x3,
    0x38, 0x7, 0xff, 0x2c, 0xc0, 0x3f, 0xf9, 0x4f,
    0x0, 0x1f, 0xe2, 0x30, 0xe, 0x30, 0xc, 0x20,
    0x1f, 0xfc, 0xb1, 0x0, 0xc2, 0x1, 0xce, 0x20,
    0x1f, 0xef, 0x6a, 0x53, 0x3f, 0x23, 0x60, 0x7,
    0x98, 0x3, 0x10, 0x7, 0xff, 0x28, 0x80, 0x38,
    0x80, 0x38, 0x71, 0x90, 0xcf, 0x91, 0x71, 0x1,
    0x6b, 0x33, 0xd7, 0x22, 0x1, 0xe3, 0x0, 0xe4,
    0x0, 0xff, 0xe4, 0xa8, 0x7, 0x68, 0x7, 0x8a,
    0x6f, 0x33, 0xae, 0x8c, 0x3, 0xff, 0x8f, 0x80,
    0x1d, 0xc0, 0x1f, 0xfc, 0x9b, 0x0, 0xe4, 0x0,
    0xff, 0xec, 0x20, 0x7, 0x29, 0x0, 0x7f, 0xf1,
    0xd4, 0xc0, 0x31, 0x88, 0x7, 0xff, 0x65, 0x80,
    0x3b, 0x80, 0x3f, 0xf8, 0xc3, 0x0, 0x1d, 0x40,
    0x1f, 0xfd, 0xab, 0x0, 0xe3, 0x90, 0xf, 0xfe,
    0x2d, 0x10, 0x6, 0x16, 0x0, 0xff, 0xed, 0x13,
    0x0, 0x73, 0x40, 0x7, 0xff, 0xe, 0x90, 0x3,
    0xa0, 0x3, 0xff, 0xb9, 0x22, 0x1, 0xcf, 0x62,
    0x1, 0xff, 0x16, 0x28, 0x7, 0x23, 0x0, 0x7f,
    0xf7, 0x68, 0x3, 0xc9, 0xce, 0x20, 0x1f, 0x14,
    0xe9, 0x80, 0x70, 0xd0, 0x7, 0xff, 0x79, 0x28,
    0x3, 0xe8, 0xec, 0x98, 0x78, 0x9d, 0xd3, 0x0,
    0x7d, 0xa2, 0x1, 0xff, 0xdf, 0x59, 0x0, 0xfc,
    0x6c, 0xf0, 0xec, 0x40, 0x1f, 0xe, 0x18, 0x7,
    0xff, 0x85, 0xac, 0x40, 0x3f, 0xf8, 0xe5, 0x86,
    0x1, 0xff, 0xe3, 0x4f, 0x50, 0xf, 0xfe, 0x2b,
    0xe9, 0x0, 0x7f, 0xf6, 0xca, 0x25, 0x40, 0x3c,
    0x35, 0x88, 0x1, 0xff, 0xc1, 0x6d, 0x80, 0xf,
    0x9a, 0x5c, 0x3, 0xff, 0xa4, 0x7a, 0xed, 0x4e,
    0x1, 0xf1, 0xdf, 0x4a, 0x88, 0x7, 0x12, 0xd7,
    0xc9, 0x0, 0x7d, 0x12, 0xd1, 0xa2, 0x1, 0xff,
    0xcf, 0x4c, 0x0, 0xd2, 0x1, 0xfc, 0x2d, 0x5d,
    0xfd, 0xbd, 0xfb, 0x4a, 0x1, 0xfe, 0x70, 0x8,
    0xbc, 0x80, 0x3f, 0xf9, 0xa9, 0x60, 0x1f, 0xfc,
    0x81, 0x21, 0x0, 0xff, 0xe3, 0x8e, 0x10, 0x7,
    0xff, 0x2d, 0x2c, 0x3, 0xcc, 0x1, 0xff, 0xd3,
    0x50, 0xe, 0x1c, 0x20, 0xf, 0xfe, 0x4a, 0xd8,
    0x7, 0x92, 0x0, 0x3f, 0xfa, 0x76, 0x40, 0x1c,
    0x38, 0x40, 0x1f, 0xfc, 0x71, 0xa0, 0xf, 0x25,
    0x80, 0x7f, 0xf5, 0x7, 0x8, 0x3, 0x87, 0xc0,
    0x3f, 0xf8, 0xee, 0x1, 0xe4, 0xb0, 0xf, 0xfe,
    0xb0, 0xe1, 0x0, 0x71, 0x18, 0x7, 0xff, 0x18,
    0xc0, 0x39, 0x2c, 0x3, 0xff, 0x88, 0xbb, 0xf4,
    0x20, 0x1f, 0xfc, 0x31, 0xc2, 0x0, 0xe1, 0x0,
    0xff, 0xe3, 0x29, 0x0, 0x49, 0x60, 0x1f, 0xfc,
    0x43, 0xa2, 0x5, 0xa0, 0xf, 0xfe, 0x20, 0xe1,
    0x80, 0x48, 0x40, 0x1f, 0xfc, 0x7d, 0x86, 0xab,
    0x0, 0xff, 0xe2, 0xd8, 0x6, 0x40, 0xf, 0xfe,
    0x28, 0xe4, 0xb4, 0xd8, 0x7, 0xff, 0x25, 0xe5,
    0x40, 0x3f, 0xf8, 0xc2, 0x1, 0xc2, 0x1, 0xff,
    0xc6, 0x69, 0x60, 0xf, 0xff, 0xf8, 0x7, 0xff,
    0xfc, 0x3, 0xff, 0xfe, 0x1, 0xff, 0xff, 0x0,
    0xff, 0xff, 0x80, 0x7f, 0xf4, 0x44, 0x3, 0xff,
    0xe9, 0x80, 0x18, 0x80, 0x3f, 0xfe, 0xaa, 0xa0,
    0x0, 0xf0, 0x7, 0xff, 0xda, 0xb2, 0xfc, 0xc0,
    0x3f, 0xfa, 0xa0,

    /* U+F010 "" */
    0x0, 0xff, 0xf4, 0x2e, 0x6c, 0x0, 0x7f, 0xff,
    0xc0, 0x3f, 0xc9, 0x46, 0x4e, 0xe0, 0xf, 0xff,
    0xf8, 0x7, 0xf7, 0x0, 0x6a, 0x0, 0xff, 0xff,
    0x80, 0x7f, 0x8, 0x6, 0x30, 0xf, 0xff, 0xf8,
    0x7, 0xff, 0xfc, 0x3, 0xff, 0xfe, 0x1, 0xff,
    0xff, 0x0, 0xff, 0xff, 0x80, 0x7f, 0xff, 0xc0,
    0x3f, 0xfe, 0x64, 0x20, 0x1f, 0xfe, 0x1, 0x30,
    0xf, 0xfe, 0xe0, 0xe6, 0xf5, 0x88, 0x7, 0xff,
    0x14, 0x80, 0x31, 0x0, 0x7f, 0xf1, 0x9f, 0xb3,
    0x90, 0x3, 0xff, 0xb5, 0x66, 0x0, 0x4d, 0x0,
    0xff, 0xe2, 0xc0, 0x80, 0x52, 0x1, 0xff, 0xc5,
    0x88, 0x0, 0x6, 0x80, 0x3f, 0xfb, 0x48, 0x1,
    0x8f, 0x0, 0x3f, 0xf8, 0x83, 0xee, 0xd6, 0xa0,
    0x1f, 0xfc, 0x48, 0x70, 0xc, 0x24, 0x1, 0xff,
    0xd9, 0x50, 0xe, 0x38, 0x0, 0xff, 0xe2, 0xc,
    0x4a, 0x0, 0x7f, 0xf1, 0x21, 0xc0, 0x3c, 0x40,
    0x1f, 0xfd, 0x99, 0x0, 0xf2, 0x80, 0x7f, 0xf5,
    0xe1, 0xc0, 0x3d, 0x40, 0x1f, 0xfd, 0xa2, 0xc0,
    0xe, 0x60, 0xf, 0xfe, 0xb3, 0xb8, 0x3, 0xd2,
    0xa0, 0x1f, 0xfd, 0xb3, 0xb0, 0xd, 0x0, 0x1f,
    0xfd, 0x51, 0x80, 0xf, 0x4b, 0x0, 0x7f, 0xf7,
    0x53, 0xa1, 0xf4, 0xc0, 0x3f, 0xfa, 0xa4, 0x1,
    0xe9, 0x60, 0xf, 0xfe, 0xf8, 0xbc, 0x10, 0x7,
    0xff, 0x8, 0x56, 0x2a, 0x97, 0x50, 0xa4, 0x1,
    0xfe, 0x30, 0xe, 0x96, 0x0, 0xff, 0xf8, 0x3e,
    0xf5, 0x3a, 0xa9, 0x15, 0xeb, 0x75, 0x2, 0x1,
    0xfa, 0xc0, 0x2a, 0x60, 0xf, 0xff, 0x7b, 0xf4,
    0x10, 0x7, 0xf8, 0x9f, 0xa0, 0x40, 0x3c, 0x9f,
    0x9e, 0xa0, 0x1f, 0xfe, 0x31, 0x0, 0xff, 0x16,
    0x40, 0x80, 0x7f, 0xf0, 0xdf, 0xd0, 0x3, 0xe3,
    0x0, 0xff, 0xef, 0xa4, 0x67, 0x7f, 0xbb, 0xfd,
    0x94, 0xc2, 0x1, 0x1e, 0x18, 0x7, 0xff, 0x18,
    0x6d, 0xc0, 0x3f, 0xfc, 0x65, 0x3f, 0x6e, 0x62,
    0x1, 0xc6, 0xb3, 0xd6, 0x88, 0xc1, 0x0, 0xff,
    0xe4, 0xc4, 0x80, 0x7f, 0xf8, 0x6, 0x75, 0x80,
    0x3f, 0xf8, 0x49, 0x76, 0x0, 0xf8, 0x56, 0xb3,
    0xb9, 0xb6, 0xc4, 0x1, 0xf3, 0x38, 0x7, 0xff,
    0x79, 0x7d, 0x80, 0x3f, 0xf9, 0x83, 0x1d, 0x4a,
    0x62, 0x22, 0x49, 0xda, 0x20, 0xf, 0x42, 0x0,
    0x7f, 0xf7, 0x22, 0x84, 0x3, 0xff, 0x98, 0x7e,
    0xe0, 0x1f, 0xe5, 0xd5, 0x0, 0xf5, 0x0, 0x7f,
    0xf6, 0xe5, 0xc0, 0x3f, 0x8d, 0x59, 0xd9, 0x4,
    0x3, 0xfd, 0xe2, 0x1, 0xff, 0xc1, 0xa7, 0x0,
    0xe1, 0x80, 0xf, 0xfe, 0xcd, 0x30, 0x7, 0xc9,
    0x7f, 0x95, 0x31, 0x37, 0xd8, 0xe0, 0x1f, 0xb4,
    0x80, 0x3f, 0xf8, 0x50, 0xa0, 0x1c, 0xe2, 0x1,
    0xff, 0xd7, 0x75, 0x0, 0xf1, 0xe5, 0xa0, 0x7,
    0xe3, 0x8e, 0x70, 0xf, 0xf, 0x80, 0x7f, 0xf0,
    0xe8, 0x80, 0x39, 0x80, 0x3f, 0xfa, 0xc7, 0x0,
    0x1e, 0x7c, 0x30, 0xf, 0xfe, 0x0, 0xc6, 0x8,
    0x7, 0x14, 0x80, 0x7f, 0xf0, 0xe0, 0x3, 0xac,
    0x3, 0xff, 0xad, 0xa0, 0x1e, 0x98, 0x0, 0xff,
    0xe2, 0x1f, 0x90, 0x7, 0x32, 0x0, 0x7f, 0xf0,
    0x94, 0x80, 0x31, 0x88, 0x7, 0xff, 0x51, 0x84,
    0x3, 0xa5, 0x80, 0x3f, 0xf8, 0xc3, 0x82, 0x1,
    0xd0, 0x1, 0xff, 0xc3, 0x50, 0xe, 0x40, 0xf,
    0xfe, 0xa4, 0x0, 0x73, 0x30, 0x3, 0xff, 0x90,
    0x3a, 0x1, 0xc6, 0x80, 0x1f, 0xfc, 0x2c, 0x0,
    0xe2, 0x0, 0xf3, 0xf7, 0xff, 0xdd, 0x0, 0x1f,
    0xfc, 0x26, 0x10, 0xc, 0x30, 0x1, 0xff, 0xca,
    0x37, 0x0, 0xef, 0x0, 0xff, 0xe1, 0x30, 0x7,
    0x70, 0x7, 0x34, 0x8, 0x7, 0xc2, 0xee, 0x0,
    0xff, 0xe0, 0xe8, 0x7, 0x40, 0x80, 0x7f, 0xf2,
    0xe0, 0x40, 0x32, 0x0, 0x7f, 0xf0, 0x8c, 0x3,
    0x8c, 0x3, 0xb4, 0x3, 0xfe, 0xb0, 0xf, 0xfe,
    0xa, 0x0, 0x73, 0x0, 0x7f, 0xf3, 0x58, 0x3,
    0x94, 0x3, 0xff, 0x8e, 0x60, 0x1c, 0x40, 0x1f,
    0xf3, 0x80, 0x7f, 0xc5, 0x20, 0x1c, 0xa0, 0x1f,
    0xfc, 0xea, 0x0, 0xea, 0xff, 0x75, 0xc1, 0x80,
    0x7c, 0x40, 0x1c, 0x20, 0x1d, 0x2, 0x1, 0xfe,
    0x80, 0xf, 0xe6, 0xdd, 0x30, 0x7, 0x60, 0x7,
    0xff, 0x38, 0x84, 0x3, 0xe1, 0x47, 0xce, 0x70,
    0xe, 0x50, 0xe, 0xe0, 0xe, 0x1f, 0x75, 0x5f,
    0x9f, 0x4c, 0x3, 0xe5, 0xd9, 0x20, 0xf, 0x94,
    0x3, 0xff, 0x9e, 0xa0, 0x1f, 0xf0, 0xc7, 0x20,
    0x5, 0xa0, 0x1c, 0xa0, 0x1e, 0x18, 0xaa, 0xfa,
    0x8, 0x3, 0xe9, 0xa2, 0x0, 0xfe, 0x20, 0xf,
    0xfe, 0x79, 0x0, 0x7f, 0xf0, 0x46, 0xe4, 0x5,
    0x0, 0x38, 0xc0, 0x3f, 0xf9, 0x78, 0xc0, 0x1f,
    0xf0, 0x80, 0x7f, 0xf3, 0xf8, 0x3, 0xff, 0x86,
    0xd7, 0x0, 0x1c, 0x80, 0x1f, 0xfc, 0xbb, 0x30,
    0xf, 0xc2, 0x8d, 0x40, 0x1f, 0xfd, 0x4, 0x4f,
    0x8c, 0x40, 0x3f, 0x23, 0x0, 0x77, 0x80, 0x7f,
    0xf2, 0xa5, 0x0, 0x3c, 0x2f, 0xbd, 0x72, 0xa0,
    0x1f, 0xfd, 0x3, 0xbb, 0xf6, 0x76, 0xc0, 0x80,
    0x7f, 0xc4, 0x80, 0x1f, 0xfc, 0x94, 0x60, 0xf,
    0x37, 0x41, 0x0, 0x7f, 0xf7, 0x49, 0xfa, 0x0,
    0x3f, 0xd2, 0x1, 0xff, 0xca, 0xa0, 0xf, 0x54,
    0x80, 0x7f, 0xf8, 0xdf, 0x4, 0x3, 0xe5, 0x40,
    0xf, 0xfe, 0x4b, 0x8, 0x7, 0x52, 0x80, 0x7f,
    0xf9, 0x4f, 0x40, 0x3c, 0x34, 0x1, 0xff, 0xca,
    0xb0, 0xe, 0x75, 0x0, 0xff, 0xf3, 0x9d, 0x0,
    0x70, 0x80, 0x7f, 0xf2, 0x8c, 0x80, 0x30, 0xc0,
    0x7, 0xff, 0xa5, 0x4c, 0x3, 0x98, 0x3, 0xff,
    0x92, 0x80, 0x1d, 0x20, 0x1f, 0xfe, 0xb8, 0x0,
    0xec, 0x0, 0xff, 0xe4, 0xe0, 0x7, 0x30, 0x7,
    0xff, 0xad, 0x0, 0x39, 0xc0, 0x3f, 0xf9, 0x2c,
    0x1, 0x88, 0x40, 0x3f, 0xfd, 0x88, 0x1, 0x88,
    0x3, 0xff, 0x92, 0x60, 0x19, 0x80, 0x3f, 0xfd,
    0xa4, 0x1, 0xc2, 0x1, 0xff, 0xc8, 0x10, 0xc,
    0x20, 0x1f, 0xfd, 0x31, 0x0, 0xff, 0x8, 0x7,
    0xff, 0x8, 0x40, 0x38, 0xc0, 0x3f, 0xf9, 0x2,
    0x1, 0x84, 0x3, 0xfe, 0x7f, 0xff, 0xf4, 0x0,
    0x79, 0x3b, 0x9a, 0x60, 0x1e, 0x3d, 0xee, 0x20,
    0x7, 0xff, 0x0, 0x40, 0x38, 0xc0, 0x24, 0xcd,
    0x80, 0xf, 0xfe, 0x9, 0x80, 0x66, 0x0, 0xff,
    0xa4, 0x3, 0xfd, 0x40, 0x1c, 0x36, 0x20, 0x5a,
    0x1, 0xed, 0x20, 0x1b, 0x10, 0xf, 0xf8, 0x80,
    0x38, 0x40, 0x5, 0x66, 0x4f, 0x60, 0x1f, 0xfc,
    0x6, 0x0, 0xc4, 0x20, 0x1f, 0xc8, 0x20, 0x1f,
    0xcc, 0x40, 0x1c, 0xe0, 0x18, 0x48, 0x3, 0x20,
    0x80, 0x64, 0x0, 0xff, 0x90, 0x3, 0x8, 0x5,
    0x40, 0x19, 0x2c, 0x3, 0xfe, 0xc0, 0xe, 0x60,
    0xf, 0xee, 0x0, 0xff, 0x40, 0x7, 0xb0, 0x3,
    0x8c, 0x3, 0x60, 0x7, 0x8, 0x7, 0xf9, 0x0,
    0x39, 0x0, 0x2f, 0x0, 0xe4, 0xa0, 0xf, 0xf2,
    0x0, 0x74, 0x80, 0x7f, 0x28, 0x7, 0xf3, 0x88,
    0x7, 0x90, 0x3, 0x10, 0x80, 0x64, 0x0, 0xe4,
    0x0, 0xff, 0x40, 0x7, 0x60, 0x4, 0xc0, 0x1e,
    0x51, 0x0, 0xfe, 0x32, 0x0, 0xc3, 0x0, 0x1f,
    0x30, 0x7, 0xf0, 0xc0, 0x7, 0x8c, 0x40, 0x32,
    0x80, 0x61, 0x30, 0xc, 0x80, 0x1f, 0xe6, 0x30,
    0xe, 0x70, 0x8, 0x70, 0x3, 0xff, 0x8b, 0x60,
    0x1c, 0xe8, 0x1, 0xea, 0x0, 0xfe, 0x90, 0xf,
    0x90, 0x3, 0xb0, 0x3, 0x20, 0x7, 0x60, 0x7,
    0xf1, 0xc8, 0x7, 0x28, 0x80, 0x63, 0xc1, 0x0,
    0x90, 0x40, 0x3f, 0xcc, 0x20, 0x1d, 0x68, 0x1,
    0x88, 0xc0, 0x3f, 0xb, 0x80, 0x7d, 0x60, 0x1c,
    0x80, 0x1b, 0x0, 0x39, 0x0, 0x3f, 0x26, 0x0,
    0x7a, 0x0, 0x3c, 0x78, 0xa4, 0xd6, 0x1, 0xff,
    0xc0, 0xa0, 0xf, 0x5b, 0x80, 0x54, 0x1, 0xfd,
    0x60, 0x1f, 0x8c, 0x3, 0x20, 0x7, 0x20, 0x6,
    0x13, 0x0, 0xf9, 0xec, 0x3, 0xce, 0x40, 0x1f,
    0x15, 0x6c, 0x80, 0x7f, 0xf0, 0x51, 0x80, 0x3d,
    0x1a, 0xc2, 0xc0, 0x1f, 0x89, 0x40, 0x3e, 0x40,
    0xe, 0xc0, 0xc, 0x24, 0x1, 0x90, 0x3, 0x85,
    0xf6, 0x0, 0x3c, 0x70, 0x1, 0xff, 0xce, 0x94,
    0x0, 0xf1, 0x4f, 0x8, 0x7, 0xe9, 0x0, 0xfd,
    0x80, 0x1c, 0x80, 0x19, 0xc0, 0x3b, 0x0, 0x7,
    0x7d, 0xc8, 0x20, 0xf, 0x16, 0x80, 0x7f, 0xf4,
    0x2d, 0x0, 0x3f, 0xf8, 0x86, 0x80, 0x1f, 0x94,
    0x3, 0x9, 0x80, 0x6c, 0x0, 0xe7, 0x0, 0x2a,
    0x8, 0x7, 0xe2, 0xf1, 0x0, 0xff, 0xe8, 0xdb,
    0x0, 0x7f, 0xf0, 0xfc, 0x3, 0xf0, 0x90, 0x6,
    0x40, 0xe, 0x40, 0xc, 0x42, 0x1, 0xff, 0xc0,
    0x3c, 0x20, 0xf, 0xfe, 0x9c, 0xd9, 0x0, 0x7f,
    0xf0, 0x10, 0xc0, 0x3f, 0x20, 0x7, 0x60, 0x6,
    0x31, 0x0, 0xc8, 0x1, 0xff, 0xc0, 0x8c, 0x10,
    0xf, 0xfe, 0xaa, 0x6c, 0x98, 0x7, 0xfa, 0x40,
    0x3f, 0xbc, 0x3, 0x90, 0x3, 0x20, 0x7, 0x60,
    0x7, 0xf9, 0xb9, 0xc0, 0x3f, 0xfb, 0x2d, 0x94,
    0x1, 0xf9, 0x48, 0x3, 0xf9, 0x0, 0x30, 0x90,
    0x6, 0xc0, 0xe, 0x40, 0x8, 0xc0, 0x4d, 0xab,
    0xe4, 0x40, 0x3f, 0xfb, 0x98, 0x1, 0xf9, 0x37,
    0x7d, 0x80, 0x2, 0x10, 0xc, 0xe0, 0x1c, 0x80,
    0x18, 0xc4, 0x2, 0x5f, 0xec, 0x95, 0x0, 0xff,
    0xef, 0xb0, 0x7, 0xe1, 0x22, 0xf5, 0x80, 0x10,
    0x3, 0xb0, 0x3, 0x20, 0x7, 0x20, 0x7, 0xff,
    0xa1, 0x40, 0x3f, 0xf8, 0x6a, 0xe0, 0xd, 0x0,
    0xe4, 0x0, 0xd8, 0x1, 0xd6, 0x1, 0xff, 0xe8,
    0xe0, 0xf, 0xfe, 0x11, 0x50, 0x4, 0x80, 0x18,
    0xc4, 0x3, 0x20, 0x7, 0x18, 0x7, 0xff, 0x9c,
    0x50, 0x3, 0xff, 0x85, 0xe0, 0x11, 0x80, 0x72,
    0x0, 0x71, 0x80, 0x64, 0x0, 0xff, 0xf4, 0x1a,
    0xaf, 0xc2, 0x1, 0xea, 0x20, 0xa, 0xc0, 0x3b,
    0x0, 0x31, 0x0, 0x76, 0x80, 0x7f, 0xfa, 0xa,
    0xab, 0xe1, 0x0, 0xe6, 0x50, 0xc, 0x80, 0x1c,
    0x80, 0x18, 0x8c, 0x3, 0x20, 0x7, 0xff, 0xbd,
    0x40, 0x38, 0xe4, 0x3, 0x8c, 0x3, 0x20, 0x7,
    0xb5, 0x0, 0x10, 0x40, 0x1f, 0xfe, 0xff, 0x0,
    0xc3, 0xa0, 0x1c, 0x80, 0x1d, 0x80, 0x1e, 0x1b,
    0xff, 0x38, 0x7, 0xff, 0xc1, 0x40, 0x35, 0x8,
    0x7, 0x68, 0x7, 0x20, 0x7, 0xff, 0xe9, 0x0,
    0x34, 0x20, 0x7, 0x90, 0x3, 0x9, 0x80, 0x7f,
    0xfe, 0xb4, 0x2, 0x47, 0x0, 0xf0, 0x90, 0x6,
    0x40, 0xf, 0xff, 0xdb, 0x80, 0xa, 0x80, 0x3e,
    0x70, 0xe, 0xc0, 0xf, 0xff, 0xd1, 0x88, 0x3,
    0x84, 0x3, 0xec, 0x0, 0xe4, 0x0, 0xff, 0xfd,
    0x58, 0x2, 0x4c, 0x3, 0xf2, 0x0, 0x61, 0x20,
    0xf, 0xff, 0xd2, 0x82, 0xb0, 0x7, 0xf0, 0x80,
    0x67, 0x0, 0xff, 0xfd, 0x11, 0x54, 0x1, 0xfe,
    0x30, 0xd, 0xa0, 0x1f, 0xff, 0xa5, 0xf, 0x0,
    0xff, 0xb4, 0xc0, 0x65, 0x0, 0x3f, 0xff, 0x5b,
    0x64, 0x1, 0xff, 0xe, 0x7f, 0x30, 0x7, 0xff,
    0xb8,

    /* U+F02E "" */
    0x0, 0xff, 0xe5, 0x9, 0x16, 0x10, 0xf, 0xfe,
    0xca, 0x45, 0xf7, 0xf6, 0xee, 0xe2, 0x0, 0xff,
    0xea, 0x9d, 0x7d, 0xba, 0x8, 0x7, 0xcc, 0x1,
    0xff, 0xd3, 0x4c, 0xc2, 0x80, 0x7f, 0xf0, 0x4,
    0x3, 0xff, 0xa2, 0x57, 0x63, 0x0, 0xff, 0xe1,
    0x18, 0x7, 0xff, 0x41, 0x75, 0x0, 0x3f, 0xf8,
    0x82, 0x1, 0xff, 0xcf, 0x9a, 0x0, 0xfe, 0x15,
    0x79, 0x0, 0xef, 0x0, 0xff, 0xe7, 0x5b, 0x0,
    0x7e, 0x6d, 0xea, 0x86, 0x20, 0xc, 0x60, 0x1f,
    0xfc, 0xdb, 0x40, 0xf, 0x9f, 0xe4, 0x80, 0x33,
    0x0, 0x65, 0x0, 0xff, 0xe6, 0x4a, 0x0, 0x78,
    0xb6, 0x0, 0x3e, 0xc0, 0xc, 0x26, 0x1, 0xff,
    0xca, 0x56, 0x0, 0xf2, 0xe9, 0x0, 0x7e, 0x50,
    0xe, 0xa0, 0xf, 0xfe, 0x48, 0xd0, 0x7, 0x9a,
    0x80, 0x3f, 0xc4, 0x40, 0xc, 0xc2, 0x1, 0xff,
    0xc8, 0xb0, 0xf, 0x2c, 0x80, 0x7f, 0xf0, 0x28,
    0x3, 0xac, 0x3, 0xff, 0x8e, 0x6a, 0x1, 0xc7,
    0x40, 0x1f, 0xfc, 0x17, 0x10, 0xc, 0xa8, 0x1,
    0xff, 0xc6, 0x80, 0xf, 0x70, 0x7, 0xff, 0xe,
    0x40, 0x3a, 0x88, 0x3, 0xff, 0x88, 0x48, 0x1,
    0xce, 0x40, 0x1f, 0xfc, 0x37, 0x20, 0xc, 0x3e,
    0x20, 0x1f, 0xfc, 0x3a, 0x0, 0xf4, 0x0, 0x7f,
    0xf1, 0x78, 0x3, 0x8b, 0x8, 0x3, 0xff, 0x84,
    0xc0, 0x1c, 0xe0, 0x1f, 0xfc, 0x63, 0x90, 0xe,
    0x2d, 0x50, 0xf, 0xfe, 0x1, 0x88, 0x7, 0x50,
    0x7, 0xff, 0x1d, 0x98, 0x1, 0xea, 0xb3, 0x0,
    0xff, 0x20, 0x7, 0x11, 0x0, 0x3f, 0xf9, 0x12,
    0xe0, 0x1e, 0x4c, 0xc3, 0x90, 0x7, 0xda, 0x1,
    0xca, 0x1, 0xff, 0xca, 0x88, 0x0, 0x7c, 0x71,
    0xbf, 0xb9, 0x72, 0xe0, 0xc0, 0x1d, 0xa0, 0x1f,
    0xfc, 0xb7, 0xb1, 0x0, 0xfe, 0x23, 0x46, 0x82,
    0x20, 0x7, 0x30, 0x7, 0xff, 0x31, 0x39, 0x80,
    0x3f, 0xf8, 0x42, 0x1, 0xc2, 0x1, 0xff, 0xce,
    0x9d, 0x50, 0xf, 0xfe, 0x31, 0x80, 0x7f, 0xf3,
    0xca, 0xb9, 0xc8, 0x3, 0xff, 0x86, 0x60, 0x1f,
    0xfd, 0x11, 0x8d, 0xe9, 0x40, 0xe, 0x31, 0x0,
    0xe1, 0x0, 0xff, 0xea, 0xb, 0x68, 0x7, 0x9,
    0x0, 0x73, 0x0, 0x7f, 0xf5, 0xb0, 0x3, 0xcc,
    0x1, 0xda, 0x1, 0xff, 0xd6, 0x40, 0xc, 0x61,
    0xa0, 0x1c, 0xa0, 0x1f, 0xfd, 0x53, 0x10, 0xc,
    0xa0, 0x80, 0x1c, 0x44, 0x0, 0xff, 0xea, 0x50,
    0x7, 0x78, 0x18, 0x80, 0x75, 0x0, 0x7f, 0xf4,
    0xc5, 0x80, 0x39, 0xc0, 0xe, 0x1, 0xce, 0x20,
    0x1f, 0xfd, 0x29, 0x0, 0xe3, 0x10, 0x5, 0x0,
    0x7a, 0x0, 0x3f, 0xfa, 0x24, 0xe0, 0x1d, 0x40,
    0x11, 0xa0, 0x7, 0x31, 0x80, 0x7f, 0xf4, 0x38,
    0x3, 0x85, 0x80, 0x37, 0x80, 0x7b, 0x84, 0x3,
    0xff, 0x9d, 0x26, 0x1, 0xd2, 0x1, 0xc8, 0x80,
    0xe, 0x2d, 0x0, 0xff, 0xe6, 0xbb, 0x0, 0x70,
    0xb8, 0x7, 0xa4, 0x3, 0xc7, 0x82, 0x1, 0xff,
    0xca, 0x88, 0x0, 0x7a, 0x80, 0x3e, 0x29, 0x0,
    0xf1, 0xf9, 0x80, 0x7f, 0xf1, 0xc6, 0xdc, 0x3,
    0xcc, 0x80, 0x1f, 0x99, 0x40, 0x3c, 0x39, 0x2,
    0x1, 0xff, 0xc4, 0x6e, 0x40, 0xf, 0x1c, 0x80,
    0x7f, 0xa9, 0x0, 0x3e, 0x7f, 0x70, 0xf, 0xfe,
    0xb, 0x6c, 0x80, 0x7c, 0x5a, 0x1, 0xff, 0xc0,
    0xb4, 0x0, 0xf8, 0x63, 0xe9, 0x44, 0x3, 0x85,
    0x27, 0xa4, 0x80, 0x3e, 0x2f, 0x10, 0xf, 0xfe,
    0xd, 0xa8, 0x7, 0xf2, 0xd7, 0x7e, 0xe6, 0xf7,
    0x2d, 0x84, 0x3, 0xf1, 0xe1, 0x0, 0x7f, 0xf0,
    0xea, 0x40, 0x3f, 0xf8, 0x4, 0x64, 0x20, 0x1f,
    0xf3, 0x60, 0x80, 0x7f, 0xf1, 0x5b, 0x50, 0x3,
    0xff, 0x96, 0x37, 0x20, 0x1f, 0xfc, 0x82, 0xbb,
    0x18, 0x7, 0xff, 0x1c, 0x67, 0x90, 0x3, 0xff,
    0x96, 0x99, 0x6a, 0x1, 0xff, 0xc3, 0x49, 0xe6,
    0x0, 0xff, 0xe7, 0xa5, 0x7d, 0xba, 0x10, 0x7,
    0x9, 0xb5, 0x75, 0xb0, 0x7, 0xff, 0x51, 0x22,
    0xf7, 0xfd, 0xdf, 0xee, 0xc9, 0x51, 0x0, 0xff,
    0xe2, 0x80,

    /* U+F031 "" */
    0x0, 0xff, 0xf2, 0x8a, 0xbc, 0xd4, 0xc3, 0xa0,
    0x7, 0xff, 0xc5, 0xb3, 0xaa, 0x19, 0x59, 0xe2,
    0xfe, 0xd4, 0x3, 0xff, 0xd8, 0xfd, 0x26, 0x1,
    0xfe, 0x4a, 0xd6, 0x0, 0xff, 0xf4, 0x16, 0x40,
    0x80, 0x7f, 0xf0, 0x8a, 0x70, 0x80, 0x3f, 0xfa,
    0xa6, 0xf7, 0xbd, 0xfe, 0xed, 0xb8, 0x40, 0xc,
    0x9a, 0x60, 0x1f, 0xfc, 0x63, 0xc4, 0x0, 0xff,
    0xe8, 0x94, 0x76, 0x42, 0x10, 0x80, 0x4, 0x91,
    0xef, 0xa0, 0x56, 0xc0, 0x3f, 0xf9, 0x23, 0x6a,
    0x1, 0xff, 0xce, 0x19, 0xd7, 0x10, 0xf, 0xfe,
    0x0, 0xbf, 0x50, 0x7, 0xc2, 0xd7, 0xbd, 0xcd,
    0xa6, 0x10, 0xf, 0xa8, 0xc0, 0x3f, 0xf9, 0x8b,
    0xec, 0x1, 0xff, 0xcc, 0x19, 0xe9, 0x42, 0x11,
    0x12, 0xcf, 0x48, 0x80, 0x7b, 0x44, 0x3, 0xff,
    0x95, 0x14, 0x20, 0x1f, 0xfc, 0xc4, 0xf6, 0x0,
    0xff, 0x37, 0x98, 0x7, 0xd, 0x80, 0x7f, 0xf2,
    0x65, 0xc0, 0x3f, 0x8d, 0x19, 0x88, 0x60, 0x1f,
    0xf5, 0x8, 0x7, 0xff, 0x0, 0x71, 0x40, 0x39,
    0x4c, 0x3, 0xff, 0x8f, 0x4c, 0x1, 0xf2, 0x57,
    0x65, 0xcc, 0xaf, 0x3e, 0xd4, 0x3, 0xf6, 0x80,
    0x7f, 0xf0, 0xe8, 0xc0, 0x3a, 0x0, 0x3f, 0xf8,
    0xce, 0xa0, 0x1e, 0x3c, 0xb5, 0x10, 0xf, 0x92,
    0xb5, 0x40, 0x3c, 0x76, 0x1, 0xff, 0xc3, 0xd0,
    0xe, 0x42, 0x0, 0xff, 0xe2, 0x1c, 0x0, 0x79,
    0xf0, 0xc0, 0x3f, 0xf8, 0x5, 0x52, 0x1, 0xe4,
    0x60, 0xf, 0xfe, 0x10, 0xb8, 0x7, 0x28, 0x7,
    0xff, 0x13, 0x40, 0x3d, 0x30, 0x1, 0xff, 0xc4,
    0x6c, 0x0, 0xf4, 0x88, 0x7, 0xff, 0xa, 0x0,
    0x3a, 0xc0, 0x3f, 0xf8, 0x6c, 0x20, 0x1d, 0x2c,
    0x1, 0xff, 0xc6, 0x3b, 0x0, 0xf4, 0x0, 0x7f,
    0xf0, 0xd0, 0x3, 0x18, 0x7, 0xff, 0xe, 0x0,
    0x39, 0x98, 0x1, 0xff, 0xc8, 0x49, 0x0, 0xe6,
    0x20, 0xf, 0xfe, 0x16, 0x0, 0x71, 0x0, 0x7f,
    0xf0, 0x58, 0x40, 0x30, 0xc8, 0x7, 0xff, 0x29,
    0x90, 0x3, 0xac, 0x3, 0xff, 0x84, 0x40, 0x1c,
    0x20, 0x1f, 0xfc, 0x1d, 0x0, 0xe8, 0x0, 0xff,
    0xe6, 0x48, 0x7, 0x38, 0x7, 0xff, 0x8, 0x40,
    0x39, 0xc0, 0x3f, 0xf8, 0x28, 0x1, 0x85, 0x80,
    0x3f, 0xf9, 0x84, 0x60, 0x18, 0x4c, 0x3, 0xff,
    0xa6, 0x50, 0x1, 0xce, 0x1, 0xff, 0xce, 0xa0,
    0xe, 0xcf, 0xed, 0xa7, 0x30, 0xf, 0x88, 0x3,
    0x98, 0x3, 0xf9, 0xb7, 0x4e, 0x1, 0xd8, 0x1,
    0xff, 0xce, 0x40, 0xf, 0x84, 0x96, 0x33, 0x58,
    0x3, 0xbc, 0x3, 0x8c, 0x3, 0xe5, 0xe9, 0x20,
    0xf, 0x90, 0x3, 0xff, 0x9c, 0x40, 0x1f, 0xfc,
    0x2, 0x9d, 0x40, 0x9, 0xc0, 0x30, 0x88, 0x3,
    0xd3, 0x42, 0x1, 0xfc, 0x20, 0x1f, 0xfc, 0xf3,
    0x0, 0xff, 0xe0, 0x95, 0xc0, 0x28, 0x80, 0x64,
    0x0, 0xf6, 0x30, 0x7, 0xf8, 0x80, 0x3f, 0xfa,
    0xc, 0x1, 0xff, 0xc3, 0x7a, 0x90, 0xe, 0xc0,
    0xe, 0xb3, 0x0, 0xfc, 0x4a, 0xd6, 0x1, 0xff,
    0xd0, 0xf5, 0x5f, 0x21, 0x0, 0x7e, 0x53, 0x0,
    0xe6, 0x0, 0xd4, 0x80, 0x1e, 0x29, 0xed, 0xa9,
    0x60, 0xf, 0xfe, 0x82, 0xd5, 0x7a, 0xf7, 0x50,
    0x20, 0x1f, 0xf3, 0x80, 0x65, 0x50, 0x7, 0xa3,
    0x58, 0x40, 0x3f, 0xfb, 0xa4, 0xfc, 0xc0, 0x1f,
    0xe9, 0x0, 0xd6, 0x1, 0xeb, 0x70, 0xf, 0xff,
    0x1c, 0xc8, 0x3, 0xf5, 0x8, 0x4, 0xe2, 0x1,
    0xd6, 0x80, 0x1f, 0xfe, 0x56, 0x90, 0xf, 0x22,
    0x80, 0x6a, 0x0, 0xe8, 0x40, 0xf, 0xff, 0x3b,
    0x30, 0x3, 0x9c, 0x3, 0x19, 0x0, 0x62, 0x70,
    0xf, 0xff, 0x4c, 0x0, 0x71, 0x90, 0x4, 0x80,
    0x1d, 0x60, 0x1f, 0xfe, 0xa1, 0x70, 0xe, 0x40,
    0xb, 0x0, 0x39, 0xc0, 0x3f, 0xfd, 0x76, 0x1,
    0xd8, 0x1, 0x30, 0x6, 0x21, 0x0, 0xff, 0xf5,
    0x98, 0x7, 0x30, 0x4, 0x60, 0x18, 0x40, 0x3f,
    0xfd, 0xa4, 0x1, 0x88, 0x2, 0x10, 0xc, 0xe0,
    0x1f, 0xfe, 0xd1, 0x0, 0xfc, 0x20, 0x19, 0xc0,
    0x3f, 0xfd, 0xa4, 0x1, 0x8c, 0x2, 0x30, 0xc,
    0x40, 0x1f, 0xfe, 0xd1, 0x0, 0xc2, 0x1, 0x30,
    0x6, 0x12, 0x0, 0xff, 0xf5, 0x98, 0x7, 0x28,
    0x4, 0x60, 0x1c, 0xa0, 0x1f, 0xfe, 0xbb, 0x0,
    0xef, 0x0, 0xac, 0x3, 0xa4, 0x3, 0xff, 0xd4,
    0x2e, 0x1, 0xce, 0x1, 0x19, 0x0, 0x61, 0x80,
    0xf, 0xff, 0x4c, 0x0, 0x71, 0x88, 0x6, 0xb0,
    0xe, 0x75, 0x0, 0xff, 0xf3, 0xb3, 0x0, 0x3a,
    0x40, 0x39, 0x84, 0x3, 0xa9, 0x40, 0x3f, 0xfc,
    0xab, 0x20, 0x1c, 0x6a, 0x1, 0xea, 0x0, 0xf5,
    0x38, 0x7, 0xff, 0x8e, 0x28, 0x3, 0xde, 0x1,
    0xf2, 0x30, 0x7, 0xa3, 0x58, 0x40, 0x3f, 0xfb,
    0xa2, 0xdc, 0xe0, 0x1e, 0x83, 0x0, 0xfd, 0x26,
    0x1, 0xe2, 0x9e, 0xca, 0x99, 0xff, 0xec, 0xde,
    0x74, 0x88, 0x7, 0x95, 0xc0, 0x3f, 0xd8, 0x60,
    0x1f, 0x8d, 0x59, 0xbf, 0xfb, 0x28, 0x60, 0x1f,
    0x96, 0x80, 0x3f, 0xf8, 0x18, 0xc0, 0x1f, 0xfe,
    0xb7, 0xa0, 0xf, 0xfe, 0x14, 0xd8, 0x80, 0x7f,
    0xf9, 0xcb, 0x20, 0x3, 0xff, 0x88, 0x9d, 0x24,
    0x1, 0xff, 0xe3, 0x3a, 0xd3, 0x0, 0xff, 0xe3,
    0xb6, 0xe4, 0x21, 0x8, 0x7, 0xff, 0x64, 0x49,
    0x63, 0x71, 0x40, 0x3f, 0xf8, 0x0,

    /* U+F036 "" */
    0x0, 0xff, 0xf2, 0x8a, 0xbc, 0xd5, 0x26, 0x14,
    0x80, 0x3f, 0xfe, 0xd, 0x9d, 0x50, 0xca, 0xa6,
    0x7a, 0xdc, 0x71, 0x0, 0xff, 0xf5, 0xb7, 0x49,
    0x80, 0x7f, 0x8e, 0x3a, 0x0, 0x3f, 0xfd, 0x5,
    0x92, 0x20, 0x1f, 0xfc, 0x37, 0xd3, 0x0, 0xff,
    0xea, 0x9c, 0x5e, 0xff, 0xee, 0xb9, 0x40, 0xc,
    0x78, 0x60, 0x1f, 0xfc, 0x62, 0xc6, 0x0, 0xff,
    0xe8, 0x8c, 0x76, 0x3a, 0x10, 0x6, 0x14, 0x6b,
    0xfa, 0x33, 0x60, 0x80, 0x7f, 0xf2, 0x66, 0x0,
    0x3f, 0xf9, 0xf1, 0xce, 0x20, 0x1f, 0xfc, 0x15,
    0xcc, 0x0, 0x7e, 0x59, 0xcd, 0xd6, 0x53, 0x8,
    0x7, 0xce, 0xc0, 0x1f, 0xfc, 0xc4, 0xe7, 0x0,
    0xff, 0xe6, 0xbf, 0x53, 0x19, 0x10, 0xd6, 0x7a,
    0x44, 0x3, 0xd2, 0x60, 0x1f, 0xfc, 0xa7, 0xb1,
    0x0, 0xff, 0xe6, 0x16, 0xc0, 0x80, 0x7f, 0x37,
    0x20, 0x7, 0xb8, 0x3, 0xff, 0x93, 0x10, 0x0,
    0xff, 0x12, 0x20, 0xc4, 0x3, 0xfe, 0xf2, 0x0,
    0xff, 0xe0, 0xdb, 0x0, 0x71, 0x38, 0x7, 0xff,
    0x1e, 0x5c, 0x3, 0xe2, 0x8c, 0xfd, 0xbb, 0x67,
    0x72, 0x94, 0x3, 0xf7, 0x88, 0x7, 0xff, 0xa,
    0x50, 0x3, 0xa4, 0x3, 0xff, 0x8c, 0xcc, 0x0,
    0xf1, 0x56, 0xb9, 0x80, 0x78, 0x56, 0xb5, 0x40,
    0x3c, 0x5a, 0x1, 0xff, 0xc3, 0xb1, 0x0, 0xc2,
    0xc0, 0x1f, 0xfc, 0x42, 0x90, 0xf, 0x2e, 0x28,
    0x7, 0xff, 0x0, 0xaa, 0x80, 0x1e, 0x38, 0x0,
    0xff, 0xe1, 0xd8, 0x7, 0x68, 0x7, 0xff, 0x13,
    0xc0, 0x3d, 0x14, 0x20, 0x1f, 0xfc, 0x35, 0xd1,
    0x0, 0xe7, 0x30, 0xf, 0xfe, 0x12, 0x88, 0x6,
    0x40, 0xf, 0xfe, 0x1a, 0x90, 0x7, 0x3b, 0x80,
    0x3f, 0xf8, 0xc5, 0x82, 0x1, 0xd0, 0x1, 0xff,
    0xc3, 0x70, 0xe, 0x40, 0xf, 0xfe, 0x14, 0x0,
    0x72, 0xc0, 0x7, 0xff, 0x20, 0xa8, 0x3, 0x90,
    0xc0, 0x3f, 0xf8, 0x58, 0x1, 0xc4, 0x1, 0xff,
    0xc1, 0x52, 0x0, 0xeb, 0x0, 0xff, 0xe5, 0x23,
    0x0, 0x74, 0x80, 0x7f, 0xf0, 0x98, 0x3, 0xb8,
    0x3, 0xff, 0x83, 0xe0, 0x1d, 0x2, 0x1, 0xff,
    0xcb, 0x80, 0xe, 0x50, 0xf, 0xfe, 0x11, 0x0,
    0x70, 0x80, 0x7f, 0xf0, 0x54, 0x3, 0x98, 0x3,
    0xff, 0x98, 0x2c, 0x1, 0xc8, 0x1, 0xff, 0xc1,
    0x30, 0xe, 0x10, 0xf, 0xfe, 0x3, 0x80, 0x72,
    0x88, 0x7, 0xff, 0x36, 0x80, 0x3a, 0xb7, 0x2e,
    0x58, 0x80, 0x3e, 0x10, 0xe, 0xf0, 0xf, 0xe4,
    0xbf, 0x80, 0xe, 0xc0, 0xf, 0xfe, 0x71, 0x80,
    0x70, 0x91, 0xa3, 0x4e, 0xe2, 0x80, 0x72, 0x0,
    0x70, 0x80, 0x7c, 0x79, 0x68, 0x1, 0xf2, 0x80,
    0x7f, 0xf3, 0xcc, 0x3, 0xfe, 0x3a, 0xd4, 0x0,
    0xb0, 0x3, 0x94, 0x3, 0xcd, 0x86, 0x1, 0xfc,
    0x40, 0x1f, 0xfc, 0xf5, 0x0, 0xff, 0xe0, 0x95,
    0xc0, 0x12, 0x0, 0x61, 0x30, 0xe, 0xa9, 0x0,
    0xff, 0x84, 0x3, 0xff, 0x9e, 0x20, 0x1f, 0xfc,
    0x37, 0xb8, 0x0, 0xe4, 0x0, 0xe9, 0x50, 0xf,
    0xe2, 0x48, 0x0, 0xff, 0xe8, 0x5a, 0x27, 0x88,
    0x40, 0x3f, 0x22, 0x80, 0x77, 0x0, 0x67, 0x60,
    0xf, 0xb, 0xe7, 0xed, 0xb8, 0x7, 0xff, 0x40,
    0xee, 0xfd, 0xbd, 0xb0, 0x20, 0x1f, 0xf1, 0x20,
    0x4, 0x70, 0x1, 0xe6, 0xf8, 0x30, 0xf, 0xfe,
    0xe9, 0x3f, 0x38, 0x7, 0xfa, 0x0, 0x37, 0x0,
    0x7a, 0x64, 0x20, 0x1f, 0xfe, 0x28, 0xa0, 0xf,
    0xc8, 0xa0, 0x12, 0x90, 0x7, 0x53, 0x0, 0x7f,
    0xf9, 0x56, 0xc0, 0x3c, 0x34, 0x1, 0xa4, 0x3,
    0x99, 0x40, 0x3f, 0xfc, 0xe9, 0x0, 0x1e, 0x10,
    0x8, 0xcc, 0x1, 0x86, 0x40, 0x3f, 0xfd, 0x2e,
    0x40, 0x18, 0x50, 0x2, 0x40, 0xe, 0x90, 0xf,
    0xff, 0x5c, 0x0, 0x76, 0x80, 0x58, 0x1, 0xca,
    0x1, 0xff, 0xeb, 0x50, 0xe, 0x50, 0x9, 0x80,
    0x30, 0x90, 0x7, 0xff, 0xb1, 0x0, 0x31, 0x80,
    0x46, 0x1, 0x88, 0x3, 0xff, 0xda, 0x20, 0x1f,
    0x84, 0x3, 0x38, 0x7, 0xff, 0xb4, 0x80, 0x38,
    0x40, 0x3e, 0x70, 0xf, 0xfe, 0x34, 0x7f, 0xa8,
    0x3, 0xe5, 0xef, 0xd3, 0x0, 0xf1, 0xef, 0xea,
    0x0, 0x7f, 0xf0, 0x4, 0x3, 0x84, 0x0, 0x20,
    0x18, 0x40, 0x3f, 0xf8, 0xaa, 0xe0, 0x5, 0x90,
    0xe, 0x1a, 0x10, 0x2d, 0x0, 0xf6, 0x90, 0x15,
    0x88, 0x7, 0xfc, 0x40, 0x1f, 0x94, 0x3, 0x10,
    0x80, 0x7f, 0xf1, 0x38, 0x3, 0x30, 0x7, 0x38,
    0x6, 0x12, 0x0, 0xc6, 0x20, 0x19, 0x0, 0x3f,
    0xe4, 0x0, 0xc4, 0x1, 0x18, 0x7, 0x38, 0x7,
    0xff, 0x11, 0x0, 0x30, 0x80, 0x76, 0x0, 0x71,
    0x80, 0x64, 0x0, 0xe6, 0x0, 0xff, 0x20, 0x7,
    0x38, 0x5, 0x60, 0x1d, 0x0, 0x1f, 0xfc, 0x34,
    0x0, 0xe4, 0x0, 0xe4, 0x0, 0xc4, 0x20, 0x1a,
    0xc0, 0x38, 0xc0, 0x3f, 0xd0, 0x1, 0xde, 0x1,
    0x19, 0x0, 0x61, 0x70, 0xf, 0xfe, 0x16, 0x0,
    0x77, 0x80, 0x63, 0x10, 0xc, 0xa0, 0x1c, 0x60,
    0x19, 0x0, 0x3f, 0xca, 0x60, 0x1c, 0xa0, 0x1a,
    0xc0, 0x3a, 0x10, 0x3, 0xff, 0x82, 0x80, 0x1c,
    0x80, 0x19, 0x0, 0x3b, 0x0, 0x32, 0x0, 0x76,
    0x0, 0x7f, 0x15, 0x0, 0x73, 0x0, 0x73, 0x10,
    0x7, 0x5a, 0x0, 0x7f, 0xf0, 0xc, 0x3, 0x10,
    0x80, 0x6c, 0x0, 0xe4, 0x0, 0xd8, 0x1, 0xc8,
    0x1, 0xf8, 0xb0, 0x3, 0xd0, 0x1, 0xe8, 0x0,
    0xf5, 0xb8, 0x7, 0xf9, 0x0, 0x39, 0x0, 0x39,
    0x0, 0x31, 0x80, 0x72, 0x0, 0x61, 0x30, 0xf,
    0x97, 0x44, 0x3, 0xa0, 0x40, 0x3c, 0xac, 0x1,
    0xe8, 0xd6, 0x10, 0xf, 0xb4, 0x3, 0xb0, 0x3,
    0x20, 0x7, 0x20, 0x6, 0x13, 0x0, 0xc8, 0x1,
    0xe5, 0xca, 0x0, 0xf2, 0x38, 0x7, 0xe9, 0x40,
    0xf, 0x14, 0xf6, 0x51, 0x80, 0x64, 0x0, 0xe4,
    0x0, 0xd8, 0x1, 0xd6, 0x1, 0x90, 0x3, 0xb0,
    0x0, 0x55, 0x9f, 0x46, 0x1, 0xe2, 0xa0, 0xf,
    0xf5, 0xa0, 0x7, 0xe3, 0x5b, 0x0, 0x84, 0x80,
    0x31, 0x88, 0x6, 0x40, 0xe, 0x30, 0xd, 0x80,
    0x1c, 0x80, 0x5, 0x51, 0x80, 0x7e, 0x2c, 0x10,
    0xf, 0xfa, 0xdc, 0x3, 0xff, 0x82, 0x80, 0x1c,
    0x80, 0x18, 0x4c, 0x3, 0x20, 0x7, 0x20, 0x6,
    0x12, 0x0, 0xff, 0xe0, 0x26, 0x8, 0x7, 0xff,
    0x6, 0x2c, 0xc0, 0x3f, 0xec, 0x0, 0xec, 0x0,
    0xc8, 0x1, 0xd8, 0x1, 0x84, 0x80, 0x33, 0x80,
    0x7f, 0xf0, 0x26, 0xc4, 0x3, 0xff, 0x86, 0x99,
    0x24, 0x1, 0xfc, 0xe0, 0x1c, 0x80, 0x1b, 0x0,
    0x39, 0x40, 0x33, 0x80, 0x76, 0x0, 0x7f, 0xb,
    0xf3, 0x0, 0x7f, 0xf1, 0xdb, 0x72, 0x10, 0x83,
    0xc0, 0x4, 0x20, 0x18, 0xc0, 0x39, 0x0, 0x30,
    0x90, 0x6, 0xc0, 0xe, 0x40, 0x8, 0x40, 0x51,
    0xef, 0xa0, 0x40, 0x3f, 0xf9, 0x46, 0xf7, 0xbe,
    0xe0, 0x4, 0x0, 0xeb, 0x0, 0xc2, 0x40, 0x19,
    0x0, 0x39, 0x0, 0x31, 0x8, 0x4, 0xdf, 0xd7,
    0x8, 0x1, 0xff, 0xd5, 0xc0, 0xe, 0x40, 0xc,
    0x80, 0x1d, 0x80, 0x18, 0x84, 0x3, 0x20, 0x7,
    0xff, 0x7d, 0x0, 0x38, 0xc0, 0x37, 0x80, 0x72,
    0x0, 0x65, 0x0, 0xed, 0x0, 0xff, 0xef, 0x18,
    0x80, 0x64, 0x0, 0xe4, 0x0, 0xc4, 0x40, 0xd,
    0x80, 0x1c, 0x80, 0x1f, 0xfd, 0xe4, 0x0, 0xec,
    0x0, 0xc4, 0x20, 0x19, 0x0, 0x39, 0x0, 0x31,
    0x80, 0x7f, 0xf7, 0xf4, 0x3, 0x94, 0x3, 0x20,
    0x7, 0x60, 0x6, 0x20, 0xe, 0x40, 0xf, 0xfe,
    0xf9, 0x80, 0x61, 0x20, 0xd, 0xa0, 0x1c, 0x80,
    0x18, 0xc0, 0x3a, 0xc0, 0x3f, 0xfb, 0xf6, 0x20,
    0x15, 0x80, 0x72, 0x0, 0x62, 0x10, 0xc, 0x2e,
    0x1, 0x21, 0x80, 0x7f, 0xf7, 0xcb, 0xe5, 0xf1,
    0x40, 0x31, 0x80, 0x72, 0x80, 0x7a, 0x2e, 0x2a,
    0xc0, 0x3f, 0xfc, 0x22, 0xd0, 0x60, 0x1c, 0x80,
    0x1d, 0x80, 0x1f, 0x23, 0xa8, 0x7, 0xff, 0xaf,
    0x0, 0x39, 0x0, 0x3f, 0xfe, 0xa8, 0x1, 0x8c,
    0x3, 0xff, 0xea, 0x80, 0x1c, 0x80, 0x1f, 0xff,
    0x5c, 0x0, 0xeb, 0x0, 0xff, 0xfa, 0xa0, 0x7,
    0x18, 0x7, 0xff, 0xd4, 0xc0, 0x32, 0x0, 0x7f,
    0xfe, 0xf0, 0x3, 0xff, 0xec, 0xc0, 0x19, 0x40,
    0x3f, 0xfe, 0xd3, 0x8, 0xb6, 0x40, 0x1f, 0xfd,
    0xb0,

    /* U+F037 "" */
    0x0, 0xff, 0xf3, 0x1a, 0xbc, 0x41, 0xd8, 0xc0,
    0x3f, 0xfe, 0x29, 0x5f, 0x95, 0xe, 0xe8, 0x9c,
    0xfa, 0x50, 0xf, 0xff, 0x62, 0xed, 0xa8, 0x7,
    0xf9, 0x6b, 0x58, 0x3, 0xff, 0xb8, 0x23, 0x0,
    0x7f, 0xd, 0xd1, 0x0, 0x7f, 0xf0, 0x8a, 0x70,
    0x80, 0x3f, 0xfa, 0xa9, 0x39, 0xfe, 0xee, 0xbf,
    0x69, 0x84, 0x2, 0x3f, 0x40, 0xf, 0xfe, 0x31,
    0xea, 0x0, 0x7f, 0xf4, 0x4a, 0x7e, 0xd8, 0xc0,
    0x3c, 0x4b, 0x3d, 0x6a, 0x98, 0x20, 0x1f, 0xfc,
    0x9b, 0x60, 0xf, 0xfe, 0x70, 0xce, 0xb0, 0x7,
    0xff, 0x9, 0x2a, 0xc0, 0x3f, 0x24, 0x5e, 0x6d,
    0xca, 0x80, 0x7e, 0x94, 0x0, 0xff, 0xe6, 0x27,
    0xb0, 0x7, 0xff, 0x35, 0xba, 0xdd, 0xc, 0x91,
    0xab, 0xe0, 0x3, 0xeb, 0x20, 0xf, 0xfe, 0x54,
    0x58, 0x80, 0x7f, 0xf3, 0xb, 0x24, 0x40, 0x3f,
    0x9f, 0x8c, 0x3, 0xdc, 0x1, 0xff, 0xc9, 0x97,
    0x0, 0xfe, 0x24, 0x56, 0x53, 0x0, 0xff, 0xa4,
    0xc0, 0x3f, 0xf8, 0x3, 0x8a, 0x1, 0xc6, 0xc0,
    0x1f, 0xfc, 0x79, 0x60, 0xf, 0x8e, 0x7b, 0x6e,
    0xa6, 0xb3, 0xf1, 0xc0, 0x3f, 0x51, 0x0, 0x7f,
    0xf0, 0xa8, 0xc0, 0x3a, 0x0, 0x3f, 0xf8, 0xcc,
    0xc0, 0xf, 0x15, 0xe3, 0x8, 0x7, 0xc7, 0x1c,
    0xe0, 0x1e, 0x1f, 0x10, 0xf, 0xfe, 0x16, 0x80,
    0x70, 0xb0, 0x7, 0xff, 0x10, 0xe4, 0x3, 0xcb,
    0xa8, 0x1, 0xff, 0xc0, 0x18, 0xc1, 0x0, 0xe2,
    0xb0, 0xf, 0xfe, 0x10, 0xc0, 0x7, 0x68, 0x7,
    0xff, 0x13, 0x80, 0x3d, 0x14, 0x1, 0xff, 0xc4,
    0x3f, 0x20, 0xe, 0x55, 0x0, 0x7f, 0xf0, 0x9c,
    0x40, 0x32, 0x8, 0x7, 0xff, 0x9, 0x48, 0x3,
    0xa1, 0xc0, 0x3f, 0xf8, 0xc3, 0x84, 0x1, 0xd6,
    0x1, 0xff, 0xc3, 0x40, 0xe, 0x50, 0xf, 0xfe,
    0x14, 0x0, 0x72, 0xb8, 0x7, 0xff, 0x20, 0x7c,
    0x3, 0x85, 0x80, 0x3f, 0xf8, 0x5e, 0x1, 0xc6,
    0x1, 0xff, 0xc1, 0x52, 0x0, 0xc3, 0x60, 0x1f,
    0xfc, 0xa2, 0x80, 0xe, 0xb0, 0xf, 0xfe, 0x13,
    0x0, 0x77, 0x80, 0x7f, 0xf0, 0x7c, 0x3, 0xa0,
    0x40, 0x3f, 0xf9, 0x6e, 0x20, 0x18, 0x88, 0x1,
    0xff, 0xc1, 0x10, 0xe, 0x10, 0xf, 0xfe, 0xa,
    0x0, 0x73, 0x0, 0x7f, 0xf3, 0x64, 0x3, 0x94,
    0x3, 0xff, 0xa6, 0x2e, 0x20, 0x19, 0x40, 0x3f,
    0xf9, 0xcc, 0x1, 0xd1, 0xfd, 0xb7, 0x8, 0x1,
    0xf0, 0x80, 0x70, 0x80, 0x7f, 0x2e, 0x74, 0x0,
    0x76, 0x0, 0x7f, 0xf3, 0x84, 0x80, 0x3c, 0x24,
    0x8f, 0x7d, 0x2, 0x1, 0x94, 0x3, 0xb8, 0x3,
    0xe4, 0xda, 0x30, 0xf, 0x94, 0x3, 0xff, 0x9e,
    0xe0, 0x1f, 0xf0, 0xbf, 0xb0, 0x5, 0x80, 0x1c,
    0xa0, 0x1e, 0x8b, 0x20, 0xf, 0xe3, 0x0, 0xff,
    0xe7, 0xe8, 0x7, 0xff, 0x4, 0x66, 0xc0, 0x54,
    0x3, 0x8c, 0x3, 0xad, 0xc0, 0x3f, 0xc2, 0x1,
    0xff, 0xd0, 0x10, 0xf, 0xfe, 0x1a, 0x6c, 0x0,
    0x72, 0x0, 0x75, 0xa0, 0x7, 0xf1, 0x24, 0x0,
    0x7f, 0xf4, 0x11, 0x57, 0x90, 0xc8, 0x3, 0xf1,
    0x30, 0x7, 0x70, 0x6, 0x94, 0x0, 0xf0, 0xbe,
    0x7e, 0xdb, 0x0, 0x7f, 0xf4, 0xa, 0xab, 0xaf,
    0x37, 0xa4, 0x80, 0x3f, 0xe1, 0x50, 0x9, 0x18,
    0x3, 0xcd, 0xd0, 0x60, 0x1f, 0xfd, 0xd1, 0x6d,
    0x90, 0xf, 0xf4, 0x0, 0x6a, 0x0, 0xf5, 0x48,
    0x7, 0xff, 0x8d, 0xb0, 0x40, 0x3e, 0x36, 0x0,
    0x98, 0x40, 0x3a, 0x94, 0x3, 0xff, 0xca, 0x7a,
    0x1, 0xf7, 0x0, 0x6b, 0x0, 0xe6, 0x50, 0xf,
    0xff, 0x39, 0xc8, 0x7, 0x8c, 0x2, 0x32, 0x0,
    0xc3, 0x20, 0x1f, 0xfe, 0x96, 0x30, 0xe, 0x70,
    0x9, 0x0, 0x3a, 0x40, 0x3f, 0xfd, 0x70, 0x1,
    0xd8, 0x1, 0x60, 0x7, 0x28, 0x7, 0xff, 0xad,
    0x0, 0x39, 0x0, 0x26, 0x0, 0xc2, 0x40, 0x1f,
    0xfe, 0xc4, 0x0, 0xc2, 0x20, 0x1, 0x80, 0x62,
    0x0, 0xff, 0xf6, 0x90, 0x7, 0x18, 0x0, 0x40,
    0x33, 0x80, 0x7f, 0xf1, 0xc8, 0xc0, 0x3f, 0xfb,
    0x2, 0x1, 0xc2, 0x1, 0xf3, 0x80, 0x7f, 0xf1,
    0xa7, 0x73, 0x48, 0x3, 0xff, 0x8a, 0x37, 0xfa,
    0xc0, 0x1f, 0xfc, 0x1, 0x0, 0xfc, 0x20, 0x18,
    0x80, 0x3f, 0xf8, 0xaa, 0xc0, 0x2, 0xe0, 0xf,
    0xfe, 0x2d, 0x20, 0x14, 0xa0, 0x7, 0xfc, 0x40,
    0x1c, 0x40, 0x5, 0x0, 0xc2, 0x40, 0x1f, 0xfc,
    0x4e, 0x0, 0xc6, 0x1, 0xff, 0xc4, 0x14, 0x0,
    0xd8, 0x1, 0xff, 0x20, 0x7, 0x8, 0x0, 0xc0,
    0x39, 0x40, 0x3f, 0xf8, 0x88, 0x1, 0x84, 0x3,
    0xff, 0x88, 0xe0, 0x1d, 0xe0, 0x1f, 0xe4, 0x0,
    0xe3, 0x0, 0xac, 0x3, 0xa4, 0x3, 0xff, 0x86,
    0x80, 0x1c, 0x80, 0x1f, 0xfc, 0x4d, 0x0, 0xe4,
    0x0, 0xff, 0x78, 0x7, 0x20, 0x4, 0x64, 0x1,
    0x86, 0x0, 0x3f, 0xf8, 0x5a, 0x1, 0xde, 0x1,
    0xff, 0xc4, 0x40, 0xe, 0x30, 0xf, 0xe5, 0x40,
    0xe, 0xa0, 0xd, 0x60, 0x1c, 0xe8, 0x1, 0xff,
    0xc7, 0x40, 0xf, 0xfe, 0x18, 0x80, 0x72, 0x0,
    0x7f, 0x15, 0x0, 0x72, 0x10, 0x6, 0x62, 0x0,
    0xeb, 0x40, 0xf, 0xfe, 0x6, 0x80, 0x64, 0x10,
    0xf, 0xfe, 0x18, 0x98, 0x6, 0xe0, 0xf, 0xc5,
    0xe0, 0x1e, 0x80, 0xf, 0x40, 0x7, 0xad, 0xc0,
    0x3f, 0xe4, 0x93, 0x14, 0xa0, 0xf, 0xfe, 0x2f,
    0x18, 0x1, 0x94, 0x3, 0xe4, 0xc2, 0x0, 0xe6,
    0x30, 0xf, 0x2b, 0x0, 0x7a, 0x35, 0x40, 0x3f,
    0xcd, 0x9d, 0x62, 0x1, 0xff, 0xc5, 0x2c, 0xff,
    0x48, 0x7, 0x92, 0xec, 0x20, 0x1c, 0x52, 0x1,
    0xfa, 0x50, 0x3, 0xc5, 0x5f, 0x94, 0x60, 0x1f,
    0xfc, 0x46, 0xa8, 0x20, 0xf, 0xfe, 0x18, 0xcd,
    0xf5, 0xa0, 0x7, 0x87, 0x0, 0x3f, 0xd6, 0x80,
    0x1f, 0x8d, 0x68, 0x3, 0xff, 0x87, 0x32, 0x57,
    0xc2, 0x0, 0xff, 0xe1, 0x2b, 0x20, 0x80, 0x7c,
    0x38, 0x20, 0x1f, 0xf5, 0xb0, 0x7, 0xff, 0x30,
    0x58, 0x2, 0x15, 0x0, 0xff, 0xe6, 0x1f, 0x90,
    0x7, 0xff, 0x6, 0x6c, 0x80, 0x3f, 0xf9, 0x48,
    0x1, 0xff, 0xd1, 0x8c, 0x10, 0xf, 0xfe, 0x1a,
    0x6c, 0x90, 0x7, 0xff, 0x23, 0xc0, 0x38, 0xc0,
    0x3f, 0xf9, 0x2d, 0xce, 0x1, 0xff, 0xc7, 0x6d,
    0xc8, 0x41, 0x1, 0x0, 0xc4, 0x1, 0xfc, 0x80,
    0x1c, 0x80, 0x1f, 0xfc, 0x27, 0x1, 0x36, 0xaf,
    0x91, 0x0, 0xff, 0xe5, 0x1b, 0xdf, 0x7c, 0x0,
    0xb, 0x75, 0xf0, 0x1, 0xe1, 0x10, 0x6, 0x40,
    0xe, 0x8f, 0xf5, 0x0, 0x78, 0xff, 0xb2, 0x54,
    0x3, 0xff, 0xab, 0xe4, 0x0, 0x75, 0x0, 0xe1,
    0x20, 0xd, 0xa0, 0x19, 0x5c, 0x0, 0xb2, 0x1,
    0xff, 0xdf, 0x32, 0x0, 0xda, 0x1, 0xe9, 0x0,
    0x8d, 0x80, 0x37, 0x80, 0x67, 0x0, 0xff, 0xef,
    0xa0, 0x7, 0x78, 0x7, 0x93, 0xee, 0xd8, 0x1,
    0xca, 0x1, 0x88, 0x3, 0xff, 0xbf, 0x80, 0x1c,
    0xa0, 0x1f, 0x91, 0x0, 0x1c, 0x80, 0x1c, 0x80,
    0x1f, 0xfd, 0xf4, 0x0, 0xc2, 0x40, 0x1f, 0xfc,
    0x3c, 0x0, 0xec, 0x0, 0xff, 0xf2, 0x38, 0x7,
    0xff, 0x10, 0x40, 0x39, 0x0, 0x3f, 0xfb, 0xec,
    0x1, 0xa8, 0x3, 0xff, 0x89, 0x80, 0x19, 0x40,
    0x3f, 0xfc, 0x12, 0xe0, 0x8, 0x30, 0xf, 0xfe,
    0x22, 0xc0, 0x1, 0x2c, 0x3, 0xff, 0xc3, 0x1f,
    0xe7, 0x0, 0xff, 0xe3, 0x3f, 0xfa, 0xc4, 0x3,
    0xff, 0xd4, 0x55, 0x6e, 0x1, 0xff, 0xf7, 0x2d,
    0x54, 0x8a, 0x0, 0xff, 0xfb, 0x58, 0x6, 0x51,
    0x0, 0xff, 0xfa, 0xa0, 0x7, 0xff, 0xe8, 0x48,
    0x3, 0x10, 0x80, 0x7f, 0xfd, 0x1c, 0x3, 0x94,
    0x3, 0xff, 0xeb, 0xc0, 0x1d, 0x80, 0x1f, 0xff,
    0x5d, 0x0, 0xc2, 0x80, 0x1f, 0xff, 0x55, 0x50,
    0x5, 0x0, 0x1f, 0xff, 0x7a, 0xca, 0xd6, 0x0,
    0xff, 0xee, 0x0,

    /* U+F038 "" */
    0x0, 0xff, 0xf2, 0x8a, 0xc5, 0x5d, 0xaa, 0x58,
    0xc0, 0x3f, 0xfe, 0xf, 0xbd, 0x4e, 0xa8, 0x85,
    0x69, 0xce, 0x92, 0x0, 0xff, 0xf5, 0xb7, 0x41,
    0x0, 0x7f, 0x85, 0xb6, 0x88, 0x3, 0xff, 0xb6,
    0x23, 0x0, 0x7f, 0xe, 0x48, 0x80, 0x7f, 0xf0,
    0xd7, 0x58, 0x3, 0xff, 0xaa, 0x93, 0x9f, 0xee,
    0xeb, 0xf6, 0xdc, 0x80, 0x23, 0xf3, 0x0, 0xff,
    0xe3, 0xcd, 0x0, 0x7f, 0xf4, 0x4a, 0x7e, 0xd8,
    0xc0, 0x3c, 0x49, 0x1b, 0xa5, 0x3c, 0x10, 0xf,
    0xf0, 0x80, 0x7f, 0x96, 0xc0, 0x3f, 0xf9, 0xc3,
    0x3a, 0xc0, 0x1f, 0xfc, 0x22, 0xac, 0x0, 0xf8,
    0x9f, 0x3f, 0xdd, 0xfd, 0x4a, 0x1, 0xf2, 0x48,
    0x7, 0xff, 0x31, 0x3d, 0x80, 0x3f, 0xf9, 0x83,
    0x3b, 0x6, 0x1, 0x85, 0x6b, 0x50, 0x3, 0xcc,
    0xc0, 0xf, 0xfe, 0x53, 0xd8, 0x80, 0x7f, 0xf3,
    0xf, 0xd8, 0x3, 0xfc, 0x57, 0x0, 0x1e, 0x91,
    0x0, 0xff, 0xe4, 0x44, 0x0, 0x3f, 0x8d, 0x5d,
    0xcc, 0xa4, 0x1, 0xfe, 0x81, 0x0, 0xff, 0xe0,
    0xbd, 0x0, 0x7a, 0xc0, 0x3f, 0xf8, 0xf2, 0xe0,
    0x1f, 0x25, 0x7e, 0x54, 0x42, 0x6b, 0x75, 0x2,
    0x1, 0xf5, 0x98, 0x7, 0xff, 0x9, 0x60, 0x3,
    0x94, 0x80, 0x3f, 0xf8, 0xac, 0xc0, 0xf, 0x1e,
    0x5a, 0x80, 0x7e, 0x27, 0xe8, 0x0, 0xfb, 0x44,
    0x3, 0xff, 0x84, 0xe6, 0x1, 0xd6, 0x1, 0xff,
    0xc4, 0x39, 0x0, 0xf3, 0x61, 0x80, 0x7f, 0xf0,
    0x5f, 0x48, 0x3, 0x86, 0x80, 0x3f, 0xf8, 0x7e,
    0x1, 0xce, 0x1, 0xff, 0xc4, 0xe0, 0xf, 0x4c,
    0x80, 0x3f, 0xf8, 0x85, 0xa6, 0x1, 0xc8, 0xc0,
    0x1f, 0xfc, 0x23, 0x30, 0x6, 0x13, 0x0, 0xff,
    0xe1, 0x29, 0x0, 0x74, 0x30, 0x7, 0xff, 0x1f,
    0xc, 0x3, 0xa0, 0x3, 0xff, 0x87, 0x60, 0x1c,
    0xa0, 0x1f, 0xfc, 0x28, 0x0, 0xe5, 0x70, 0xf,
    0xfe, 0x4e, 0x88, 0x6, 0x16, 0x0, 0xff, 0xe1,
    0x20, 0x7, 0x78, 0x7, 0xff, 0x5, 0x48, 0x3,
    0xac, 0x3, 0xff, 0x94, 0x30, 0x1, 0xd6, 0x1,
    0xff, 0xc2, 0x10, 0xe, 0x30, 0xf, 0xfe, 0xf,
    0x80, 0x74, 0x8, 0x7, 0xff, 0x2d, 0x88, 0x3,
    0x11, 0x0, 0x3f, 0xf8, 0x24, 0x1, 0xc2, 0x1,
    0xff, 0xc1, 0x50, 0xe, 0x60, 0xf, 0xfe, 0x6d,
    0x80, 0x72, 0x80, 0x7f, 0xf0, 0x44, 0x3, 0x84,
    0x3, 0xfe, 0x28, 0x0, 0xe4, 0x10, 0xf, 0xfe,
    0x6b, 0x0, 0x74, 0x7f, 0x6d, 0xc2, 0x0, 0x7c,
    0x60, 0x1c, 0x60, 0x1f, 0xcb, 0x9a, 0xe0, 0x1d,
    0x80, 0x1f, 0xfc, 0xf3, 0x0, 0xf0, 0x92, 0x3d,
    0xf4, 0x8, 0x6, 0x40, 0xe, 0x10, 0xf, 0x93,
    0x68, 0xc0, 0x3e, 0x30, 0xf, 0xfe, 0x7a, 0x80,
    0x7f, 0xc2, 0xfc, 0xc0, 0x16, 0x80, 0x76, 0x0,
    0x7a, 0x2c, 0x80, 0x3f, 0x98, 0x3, 0xff, 0x9f,
    0xc0, 0x1f, 0xfc, 0x29, 0xb1, 0x12, 0x0, 0x72,
    0x0, 0x75, 0xb8, 0x7, 0xfc, 0x40, 0x1f, 0xfc,
    0xf3, 0x0, 0xff, 0xe1, 0xa6, 0x40, 0x7, 0x18,
    0x7, 0x52, 0x0, 0x7e, 0x14, 0x69, 0x0, 0xff,
    0xe8, 0x2a, 0xf9, 0xc, 0x80, 0x3f, 0x13, 0x0,
    0x74, 0x80, 0x68, 0x50, 0xf, 0xb, 0xef, 0x5c,
    0xb0, 0x7, 0xff, 0x40, 0x6a, 0xba, 0xf3, 0x7a,
    0x8c, 0x3, 0xfe, 0x25, 0x0, 0x8d, 0xc0, 0x3c,
    0xdd, 0x4, 0x1, 0xff, 0xdd, 0x15, 0xca, 0x0,
    0xff, 0x40, 0x6, 0xe0, 0xf, 0x54, 0x80, 0x7f,
    0xf8, 0xd7, 0x48, 0x3, 0xe5, 0x50, 0x4, 0xc4,
    0x1, 0xd4, 0xa0, 0x1f, 0xfe, 0x52, 0xf1, 0x0,
    0xe1, 0xb0, 0xd, 0x60, 0x1c, 0xea, 0x1, 0xff,
    0xe7, 0x2d, 0x0, 0xe1, 0x0, 0xc6, 0x40, 0x18,
    0x60, 0x3, 0xff, 0xd2, 0x6a, 0x1, 0xcc, 0x1,
    0x20, 0x7, 0x48, 0x7, 0xff, 0xae, 0x0, 0x3b,
    0x0, 0x2c, 0x0, 0xe6, 0x0, 0xff, 0xf5, 0x91,
    0x0, 0x32, 0x0, 0x4c, 0x1, 0x88, 0x40, 0x3f,
    0xfd, 0x88, 0x1, 0xc2, 0x0, 0x30, 0xc, 0x20,
    0x1f, 0xfe, 0xde, 0x0, 0xe3, 0x0, 0x8, 0x6,
    0x70, 0xf, 0xff, 0x68, 0x80, 0x70, 0x80, 0x7c,
    0xe0, 0x1f, 0xfe, 0xd1, 0x0, 0xe1, 0x0, 0x8,
    0x6, 0x20, 0xf, 0xff, 0x6f, 0x0, 0x71, 0x80,
    0x14, 0x3, 0x9, 0x0, 0x7f, 0xfb, 0x1c, 0x3,
    0x84, 0x0, 0x60, 0x1c, 0xa0, 0x1f, 0xfe, 0xb3,
    0x10, 0xc, 0x60, 0x16, 0x0, 0x74, 0x88, 0x7,
    0xff, 0x34, 0x55, 0x0, 0x3f, 0xf9, 0xd0, 0x1,
    0xd6, 0x1, 0x20, 0x80, 0x61, 0x80, 0xf, 0xfe,
    0x62, 0x75, 0x5d, 0x80, 0x3f, 0xf9, 0x8a, 0x80,
    0x1c, 0xa0, 0x1a, 0x40, 0x39, 0x98, 0x1, 0xff,
    0xcb, 0x90, 0x9, 0x14, 0x3, 0xff, 0x94, 0x54,
    0x1, 0xc8, 0x40, 0x19, 0xc4, 0x3, 0xa5, 0x80,
    0x3f, 0xf9, 0x44, 0x1, 0xb4, 0x3, 0xff, 0x92,
    0x78, 0x1, 0xe8, 0x0, 0xf5, 0x80, 0x7a, 0x64,
    0x20, 0x1f, 0xfc, 0x83, 0x0, 0xd8, 0x1, 0xff,
    0xc8, 0x6c, 0x10, 0xe, 0x63, 0x0, 0xf2, 0xa8,
    0x3, 0xcd, 0xf0, 0x40, 0x1f, 0xfc, 0x6e, 0x30,
    0x4, 0x20, 0x7, 0xff, 0x14, 0x5b, 0x64, 0x3,
    0xc5, 0x20, 0x1f, 0xa8, 0xc0, 0x3c, 0x2f, 0xbd,
    0x8a, 0x1, 0xc7, 0x32, 0x30, 0xf, 0x16, 0x77,
    0xb8, 0x7, 0xcf, 0x50, 0x1, 0xc5, 0x7b, 0xd2,
    0x40, 0x1e, 0x1f, 0x0, 0xff, 0x61, 0x80, 0x7e,
    0x13, 0xc0, 0xc, 0x78, 0xcc, 0xc4, 0x0, 0xf8,
    0x40, 0x3f, 0x54, 0x2b, 0xe0, 0x6, 0x64, 0x20,
    0xf, 0xc3, 0xa4, 0x1, 0xff, 0x62, 0x80, 0x7f,
    0xf0, 0xa8, 0x3, 0x70, 0x7, 0xff, 0xc, 0x54,
    0x2, 0x33, 0x0, 0x7f, 0xf0, 0x4b, 0xc, 0x3,
    0xff, 0x83, 0x54, 0x10, 0xf, 0xfe, 0x1, 0x80,
    0x61, 0x0, 0xff, 0xe1, 0x98, 0x7, 0x38, 0x7,
    0xff, 0x1, 0xb4, 0x80, 0x3f, 0xf8, 0x6b, 0xee,
    0x20, 0x1f, 0xef, 0x0, 0xda, 0x1, 0xff, 0xc3,
    0x22, 0x0, 0x42, 0x80, 0x1f, 0xe4, 0xc9, 0x0,
    0xff, 0xe3, 0xc, 0x75, 0xb1, 0x80, 0x4, 0x3,
    0x2c, 0x88, 0x9d, 0x80, 0x3f, 0xf8, 0x9e, 0x80,
    0x7a, 0x1, 0xf0, 0xa4, 0x75, 0x98, 0x7, 0xff,
    0x29, 0x27, 0x3f, 0xa0, 0x3, 0x9b, 0xb9, 0x0,
    0x1f, 0x84, 0x3, 0xf1, 0x5f, 0xe1, 0x80, 0x64,
    0xef, 0xeb, 0x71, 0x0, 0xff, 0xe8, 0x8, 0x7,
    0xff, 0x10, 0x73, 0xbd, 0x80, 0x3f, 0xf8, 0x82,
    0x1, 0xff, 0xe6, 0xd3, 0x0, 0x4a, 0x0, 0x7f,
    0xfd, 0x8c, 0x3, 0x60, 0x7, 0xff, 0xd8, 0x80,
    0x36, 0x80, 0x7f, 0xfd, 0xa4, 0x2, 0x35, 0x0,
    0xff, 0xf6, 0xaa, 0x84, 0x3, 0xc9, 0xb1, 0x38,
    0x1, 0xf1, 0xb1, 0x80, 0x7f, 0xf8, 0x87, 0x6a,
    0x9e, 0x20, 0x1e, 0x27, 0x60, 0xf, 0x9f, 0x27,
    0x24, 0x3, 0xff, 0xc3, 0x24, 0x0, 0x18, 0x0,
    0xff, 0xe1, 0x8c, 0x0, 0x4c, 0x40, 0x1f, 0xfe,
    0x2, 0x0, 0xc4, 0x1, 0xff, 0xc3, 0x30, 0xe,
    0x60, 0xf, 0xff, 0x6, 0x0, 0x6c, 0x0, 0xff,
    0xe1, 0x90, 0x80, 0x65, 0x0, 0xff, 0xf0, 0x33,
    0x80, 0x19, 0xc0, 0x3f, 0xf8, 0x98, 0x60, 0x56,
    0x20, 0x1f, 0xfe, 0x18, 0xff, 0x48, 0x7, 0xff,
    0x14, 0xb3, 0xf5, 0x0, 0x3f, 0xfd, 0x83, 0x5f,
    0xa8, 0x1, 0xff, 0xf7, 0xb5, 0x2, 0xb3, 0x0,
    0xff, 0xfb, 0x28, 0x6, 0x40, 0xf, 0xff, 0xb0,
    0x80, 0x61, 0x0, 0xff, 0xfb, 0x40, 0x4, 0x4c,
    0x1, 0xff, 0xf6, 0x6c, 0x79, 0xd0, 0xf, 0xfe,
    0xb8,

    /* U+F03B "" */
    0x0, 0xff, 0xf2, 0x8a, 0xbc, 0xd5, 0x25, 0xd4,
    0x40, 0x3f, 0xfe, 0xd, 0x9d, 0x50, 0xca, 0xa6,
    0x8a, 0xec, 0x60, 0xf, 0xff, 0x63, 0xf4, 0x98,
    0x7, 0xf8, 0xe7, 0x98, 0x3, 0xff, 0xd0, 0x59,
    0x2, 0x1, 0xff, 0xc2, 0x19, 0xd2, 0x0, 0xff,
    0xea, 0xa4, 0x5f, 0x7f, 0xee, 0xc9, 0x50, 0xc,
    0x98, 0x60, 0x1f, 0xfc, 0x62, 0xd4, 0x0, 0xff,
    0xe8, 0x8c, 0x75, 0xba, 0x8, 0x6, 0x13, 0x6a,
    0xfa, 0x34, 0xb1, 0x0, 0xff, 0xe4, 0xdb, 0x0,
    0x7f, 0xf3, 0x86, 0x79, 0xc4, 0x3, 0xff, 0x82,
    0xb9, 0x60, 0x1f, 0xa, 0xd6, 0x6e, 0xb2, 0x94,
    0x40, 0x3e, 0x94, 0x0, 0xff, 0xe6, 0x27, 0xb0,
    0x7, 0xff, 0x30, 0x67, 0xa9, 0x4c, 0x88, 0x6b,
    0x5d, 0x2, 0x1, 0xea, 0x20, 0xf, 0xfe, 0x54,
    0x58, 0x80, 0x7f, 0xf3, 0x13, 0xd8, 0x3, 0xfc,
    0xfe, 0x60, 0x1c, 0x3c, 0x1, 0xff, 0xc9, 0x97,
    0x0, 0xfe, 0x35, 0x67, 0x54, 0x0, 0xff, 0xa4,
    0x40, 0x3f, 0xf8, 0x3, 0x8a, 0x1, 0xc6, 0x80,
    0x1f, 0xfc, 0x7a, 0x60, 0xf, 0x92, 0xbf, 0x2a,
    0x62, 0xaf, 0xf1, 0x80, 0x3f, 0x78, 0x80, 0x7f,
    0xf0, 0xa8, 0xc0, 0x3a, 0x40, 0x3f, 0xf8, 0xce,
    0xa0, 0x1e, 0x3c, 0xb5, 0x0, 0xfc, 0x73, 0xcc,
    0x1, 0xe2, 0xd0, 0xf, 0xfe, 0x1e, 0x80, 0x71,
    0x20, 0x7, 0xff, 0x10, 0xe0, 0x3, 0xd1, 0x86,
    0x1, 0xff, 0xc0, 0x19, 0xb1, 0x0, 0xe3, 0x70,
    0xf, 0xfe, 0x10, 0xc0, 0x7, 0x70, 0x7, 0xff,
    0x13, 0x40, 0x3d, 0x4e, 0x1, 0xff, 0xc4, 0x4c,
    0x10, 0xe, 0x82, 0x0, 0xff, 0xe1, 0x38, 0x7,
    0x20, 0x7, 0xff, 0xd, 0x84, 0x3, 0xa5, 0x40,
    0x3f, 0xf8, 0xc5, 0x82, 0x1, 0xd0, 0x1, 0xff,
    0xc3, 0x40, 0xc, 0x24, 0x1, 0xff, 0xc2, 0x80,
    0xe, 0x66, 0x0, 0x7f, 0xf2, 0xa, 0x80, 0x39,
    0x48, 0x3, 0xff, 0x85, 0x80, 0x1c, 0xe0, 0x1f,
    0xfc, 0x16, 0x10, 0xc, 0x32, 0x1, 0xff, 0xca,
    0x45, 0x0, 0xeb, 0x0, 0xff, 0xe1, 0x10, 0x7,
    0x18, 0x7, 0xff, 0x7, 0x40, 0x3a, 0x0, 0x3f,
    0xf9, 0x96, 0x1, 0xce, 0x1, 0xff, 0xc2, 0x60,
    0xe, 0x10, 0xf, 0xfe, 0xa, 0x0, 0x61, 0x60,
    0xf, 0xfe, 0x60, 0xa8, 0x6, 0x14, 0x0, 0xff,
    0xe0, 0xb8, 0x7, 0x8, 0x7, 0xfc, 0x52, 0x1,
    0xc8, 0x1, 0xff, 0xce, 0xe0, 0xe, 0xbf, 0xed,
    0xa7, 0x30, 0xf, 0x84, 0x3, 0x8c, 0x3, 0xf9,
    0xb7, 0x4c, 0x1, 0xde, 0x1, 0xff, 0xce, 0x40,
    0xf, 0x84, 0x96, 0x33, 0x58, 0x3, 0xb0, 0x3,
    0x84, 0x3, 0xe4, 0xd9, 0x20, 0xf, 0x98, 0x3,
    0xff, 0x9e, 0x40, 0x1f, 0xf1, 0x4e, 0xa0, 0x4,
    0x80, 0x1c, 0xa0, 0x1e, 0x8b, 0x20, 0xf, 0xe3,
    0x0, 0xff, 0xe7, 0xb8, 0x7, 0xff, 0x4, 0xae,
    0x0, 0xc8, 0x3, 0x10, 0x80, 0x75, 0xb8, 0x7,
    0xf8, 0x40, 0x3f, 0xfa, 0x4, 0x1, 0xff, 0xc3,
    0x7a, 0x80, 0xe, 0x50, 0xe, 0xb4, 0x0, 0xfc,
    0x4a, 0xd0, 0x1, 0xff, 0xd0, 0xb5, 0x5f, 0x18,
    0x80, 0x7e, 0x54, 0x0, 0xea, 0x0, 0xd2, 0x80,
    0x1e, 0x18, 0xed, 0xa9, 0x60, 0xf, 0xfe, 0x81,
    0xd5, 0x7b, 0x3b, 0x60, 0x40, 0x3f, 0xe5, 0x20,
    0x9, 0x18, 0x3, 0xcf, 0xce, 0x20, 0x1f, 0xfd,
    0xd2, 0x7e, 0x70, 0xf, 0xf4, 0x80, 0x6a, 0x0,
    0xf5, 0xc0, 0x7, 0xff, 0x8e, 0x28, 0x3, 0xf4,
    0x18, 0x4, 0xc2, 0x1, 0xd6, 0x80, 0x1f, 0xfe,
    0x55, 0xb0, 0xf, 0x1b, 0x80, 0x6b, 0x0, 0xe7,
    0x40, 0xf, 0xff, 0x3a, 0x40, 0x7, 0x10, 0x6,
    0x32, 0x0, 0xc3, 0x0, 0x1f, 0xfe, 0x97, 0x20,
    0xc, 0x28, 0x1, 0x20, 0x7, 0x48, 0x7, 0xff,
    0xae, 0xc0, 0x3b, 0x0, 0x2c, 0x0, 0xe6, 0x0,
    0xff, 0xf5, 0xb8, 0x7, 0x18, 0x4, 0xc0, 0x18,
    0x84, 0x3, 0xff, 0xd6, 0x26, 0x1, 0x94, 0x2,
    0x30, 0xc, 0x20, 0x1f, 0xfe, 0xd6, 0x0, 0xc2,
    0x1, 0x8, 0x6, 0x70, 0xf, 0xfe, 0x98, 0x80,
    0x7f, 0x84, 0x3, 0xff, 0x84, 0x60, 0x1f, 0x84,
    0x3, 0x38, 0x7, 0xfd, 0x1f, 0xff, 0xe7, 0x0,
    0xf3, 0x7f, 0x69, 0x80, 0x79, 0x3b, 0xa4, 0x0,
    0xff, 0xe0, 0x10, 0x6, 0x10, 0x8, 0xc0, 0x31,
    0x0, 0x7f, 0xcc, 0x1, 0xfe, 0x60, 0xe, 0x29,
    0x0, 0x17, 0x0, 0x70, 0xd8, 0x80, 0xd8, 0x7,
    0xff, 0x1, 0xc0, 0x31, 0x80, 0x4c, 0x1, 0x84,
    0x80, 0x3f, 0x90, 0x40, 0x3f, 0x9c, 0x40, 0x39,
    0x40, 0x31, 0x8, 0x6, 0x40, 0xe, 0x40, 0xf,
    0xf0, 0x98, 0x6, 0x60, 0xb, 0x0, 0x39, 0x40,
    0x3f, 0xb8, 0x3, 0xf8, 0x60, 0x3, 0xd6, 0x1,
    0xc2, 0x1, 0xbc, 0x3, 0x98, 0x3, 0xfc, 0xe0,
    0x1d, 0x80, 0x12, 0x0, 0x74, 0x80, 0x7e, 0x15,
    0x0, 0xfe, 0x90, 0xf, 0x8c, 0x3, 0x20, 0x7,
    0x20, 0x6, 0x12, 0x0, 0xff, 0x58, 0x7, 0x20,
    0x4, 0x64, 0x1, 0x86, 0x0, 0x3e, 0x70, 0xf,
    0xe1, 0x70, 0xf, 0x28, 0x7, 0x60, 0x6, 0x31,
    0x0, 0xc8, 0x1, 0xfe, 0x72, 0x0, 0xc4, 0x60,
    0x1a, 0xc0, 0x39, 0xd4, 0x3, 0xd4, 0x1, 0xfd,
    0x60, 0x1f, 0x60, 0x7, 0x20, 0x6, 0x40, 0xe,
    0xf0, 0xf, 0xe4, 0x80, 0xe, 0xb0, 0xe, 0x62,
    0x0, 0xea, 0x40, 0xc, 0x46, 0x1, 0xf8, 0x94,
    0x3, 0xe4, 0x0, 0xc2, 0x60, 0x1b, 0x0, 0x39,
    0x0, 0x3f, 0x25, 0x80, 0x70, 0xb0, 0x7, 0xa4,
    0x3, 0xd7, 0x0, 0x15, 0x0, 0x7f, 0x48, 0x7,
    0xc4, 0x40, 0xc, 0x80, 0x1c, 0x80, 0x18, 0xc4,
    0x3, 0xe7, 0xb0, 0xf, 0x50, 0x7, 0xc8, 0xc0,
    0x1e, 0x7e, 0x72, 0x60, 0xf, 0xc6, 0x80, 0x1f,
    0x20, 0x7, 0x78, 0x6, 0x40, 0xe, 0x40, 0xe,
    0x16, 0xd8, 0x0, 0xf3, 0x20, 0x7, 0xe9, 0x40,
    0xf, 0xc, 0x68, 0x80, 0x7e, 0xf0, 0xf, 0xda,
    0x1, 0xc8, 0x1, 0xb4, 0x3, 0xac, 0x0, 0x77,
    0xbd, 0x24, 0x1, 0xe3, 0x90, 0xf, 0xf5, 0xa0,
    0x7, 0xff, 0x11, 0xc, 0x3, 0xf2, 0x0, 0x62,
    0x10, 0xc, 0x80, 0x1c, 0x60, 0x4, 0x41, 0x0,
    0x7e, 0x3c, 0x0, 0xff, 0xe0, 0x5b, 0x0, 0x7f,
    0xf0, 0xe4, 0x3, 0xf1, 0x80, 0x72, 0x80, 0x61,
    0x20, 0xc, 0xa0, 0x1f, 0xfc, 0x15, 0xc0, 0xf,
    0xfe, 0x14, 0xd9, 0x0, 0x7f, 0xf0, 0x18, 0x80,
    0x3f, 0x58, 0x7, 0x60, 0x6, 0x70, 0xe, 0xc0,
    0xf, 0xf8, 0x6a, 0x80, 0x1f, 0xfc, 0x44, 0xd9,
    0x30, 0xf, 0xf4, 0x0, 0x7f, 0x20, 0x7, 0x20,
    0x6, 0xc0, 0xe, 0x70, 0xf, 0xe2, 0x8e, 0x50,
    0xf, 0xfe, 0x3b, 0x65, 0x0, 0x7e, 0x71, 0x0,
    0xfc, 0x26, 0x1, 0x90, 0x3, 0x90, 0x3, 0x10,
    0x80, 0x42, 0x22, 0x48, 0xcd, 0x70, 0xf, 0xfe,
    0x5f, 0x80, 0x7e, 0x7e, 0xef, 0x68, 0x1, 0x0,
    0x3b, 0x0, 0x31, 0x88, 0x6, 0x50, 0xc, 0xdd,
    0xb6, 0xe6, 0x1, 0xff, 0xcd, 0x50, 0xf, 0xe1,
    0x1f, 0x58, 0x3, 0x0, 0x39, 0x40, 0x35, 0x80,
    0x76, 0x0, 0x7f, 0xf5, 0x98, 0x3, 0xff, 0x86,
    0x8c, 0x0, 0x70, 0xc, 0x24, 0x1, 0x90, 0x3,
    0x90, 0x3, 0xff, 0xad, 0x40, 0x1f, 0xfc, 0x21,
    0xa0, 0x1, 0x8, 0x6, 0x40, 0xc, 0x26, 0x1,
    0x90, 0x3, 0xff, 0xac, 0x46, 0x1, 0xff, 0xc2,
    0xb1, 0x0, 0x28, 0x7, 0x78, 0x6, 0x40, 0xe,
    0xd0, 0xf, 0xfe, 0xbb, 0xbf, 0xc2, 0x1, 0xe6,
    0x50, 0xb, 0x0, 0x39, 0x0, 0x36, 0x0, 0x72,
    0x0, 0x7f, 0xf5, 0x8a, 0x23, 0xe1, 0x0, 0xe2,
    0x90, 0xc, 0x80, 0x18, 0x84, 0x3, 0x10, 0x6,
    0x22, 0x0, 0x7f, 0xf7, 0x4c, 0x3, 0xdc, 0x1,
    0x90, 0x3, 0x94, 0x3, 0xb0, 0x3, 0x50, 0x7,
    0xff, 0x79, 0x0, 0x3a, 0xc, 0x3, 0x60, 0x7,
    0x60, 0x7, 0x3b, 0x80, 0xc, 0xe0, 0x1f, 0xfd,
    0xec, 0x0, 0xc6, 0xe0, 0x1c, 0xa0, 0x1c, 0x80,
    0x1e, 0x8f, 0xf4, 0x80, 0x7f, 0xf7, 0xd0, 0x3,
    0x70, 0x7, 0x9, 0x0, 0x64, 0x0, 0xff, 0xf4,
    0x98, 0x6, 0x92, 0x0, 0xe4, 0x0, 0xec, 0x0,
    0xff, 0xf4, 0xa0, 0x4, 0xac, 0x1, 0xef, 0x0,
    0xe5, 0x0, 0xff, 0xf4, 0xe0, 0x0, 0x6c, 0x3,
    0xe4, 0x0, 0xc2, 0x40, 0x1f, 0xfe, 0x94, 0x0,
    0x50, 0x80, 0x78, 0xc4, 0x3, 0x20, 0x7, 0xff,
    0xa4, 0xc0, 0xe, 0x80, 0x1f, 0x20, 0x7, 0x78,
    0x7, 0xff, 0xa5, 0x0, 0xa0, 0x3, 0xf7, 0x80,
    0x72, 0x0, 0x7f, 0xfa, 0x70, 0x3c, 0x3, 0xfb,
    0x0, 0x32, 0x8, 0x7, 0xff, 0xa5, 0x20, 0x80,
    0x3f, 0x92, 0x0, 0x7, 0x20, 0x1f, 0xfe, 0x91,
    0x87, 0x0, 0xff, 0x9f, 0xfd, 0x84, 0x1, 0xff,
    0xdc,

    /* U+F04A "" */
    0x0, 0xff, 0xff, 0x80, 0x7f, 0xfd, 0xc4, 0xd9,
    0xa5, 0x20, 0xf, 0xff, 0xe9, 0x46, 0xf6, 0x4c,
    0xd5, 0xbf, 0x90, 0x60, 0x1f, 0xff, 0x73, 0xbd,
    0x72, 0x0, 0xfc, 0x6f, 0x84, 0x1, 0xff, 0xf5,
    0xac, 0x40, 0xf, 0xfe, 0x11, 0x0, 0x7f, 0xfc,
    0xcf, 0x54, 0x3, 0xff, 0x86, 0x80, 0x1f, 0xff,
    0x33, 0xc2, 0x0, 0xff, 0xe2, 0x10, 0x7, 0xff,
    0xc8, 0xf0, 0x3, 0xf2, 0x45, 0xe4, 0x0, 0x77,
    0x80, 0x7f, 0xf9, 0x49, 0x5e, 0x20, 0xec, 0x62,
    0x1, 0xe, 0x80, 0x7c, 0xdd, 0x6e, 0x86, 0x80,
    0x1f, 0xfe, 0x85, 0xaf, 0xda, 0x87, 0x74, 0x4e,
    0x76, 0x41, 0x58, 0x80, 0x71, 0x6c, 0x88, 0x7,
    0xf8, 0x40, 0x3f, 0xfc, 0xd, 0xd4, 0xa0, 0x1f,
    0xe3, 0x7d, 0x50, 0xe, 0x3c, 0x20, 0xf, 0x8,
    0x7, 0x70, 0x7, 0xff, 0x78, 0xf6, 0x44, 0x3,
    0xff, 0x90, 0x5a, 0x20, 0x1f, 0x10, 0x7, 0x20,
    0x7, 0xff, 0x76, 0x30, 0x80, 0x3f, 0xf9, 0x5c,
    0x20, 0x1f, 0xc6, 0x1, 0x88, 0xc0, 0x3f, 0xfb,
    0x74, 0xe0, 0x1f, 0xfc, 0xc6, 0x0, 0xff, 0x58,
    0x7, 0x48, 0x7, 0xff, 0x6a, 0xd4, 0x3, 0xf2,
    0x45, 0xe6, 0xe5, 0x39, 0x80, 0x7e, 0xa5, 0x0,
    0xfe, 0x50, 0xe, 0x53, 0x0, 0xff, 0xec, 0x52,
    0x0, 0x78, 0x63, 0xed, 0xd0, 0xc8, 0xd6, 0x33,
    0x58, 0x3, 0xea, 0x50, 0xf, 0xc4, 0x80, 0x1d,
    0xc0, 0x1f, 0xfd, 0x76, 0x50, 0xf, 0x37, 0x38,
    0x7, 0xf8, 0xa7, 0x4c, 0x3, 0xd4, 0x40, 0x1f,
    0xa0, 0x3, 0x8a, 0xc0, 0x3f, 0xfa, 0xa7, 0x20,
    0x1e, 0xa9, 0x0, 0xff, 0xe1, 0x16, 0x30, 0x7,
    0xb8, 0x3, 0xf1, 0xa8, 0x7, 0x26, 0x8, 0x7,
    0xff, 0x4f, 0xc0, 0x3d, 0x6a, 0x1, 0xff, 0xc5,
    0x97, 0x0, 0xe3, 0x60, 0xf, 0xd6, 0x20, 0x1c,
    0x7c, 0xe0, 0x1f, 0xfd, 0x14, 0x30, 0xe, 0xa4,
    0x0, 0xff, 0xe3, 0xc3, 0x0, 0x75, 0x80, 0x7e,
    0x1a, 0x0, 0xfa, 0x3e, 0x50, 0x3, 0xff, 0x9d,
    0x0, 0x1c, 0xca, 0x1, 0xff, 0xc9, 0x91, 0x0,
    0xc4, 0xc0, 0x1f, 0x92, 0x80, 0x3f, 0x35, 0xf1,
    0x0, 0x7f, 0xf2, 0xc8, 0xc0, 0x30, 0xc0, 0x7,
    0xff, 0x2e, 0x80, 0x3b, 0x40, 0x3f, 0x96, 0x80,
    0x3f, 0x84, 0xc0, 0x3f, 0xf9, 0x6a, 0x1, 0xcc,
    0x20, 0x1f, 0xfc, 0xb4, 0x20, 0xc, 0x82, 0x1,
    0xfc, 0xba, 0x40, 0x1f, 0x10, 0x80, 0x7f, 0xf2,
    0xec, 0x3, 0xa8, 0x3, 0xff, 0x9b, 0x60, 0x1d,
    0x26, 0x42, 0x1, 0xf1, 0x6c, 0x88, 0x7, 0x20,
    0x7, 0xff, 0x24, 0x5a, 0xcc, 0x3, 0x19, 0x0,
    0x7f, 0xf3, 0x5c, 0x3, 0x9f, 0x37, 0xbe, 0xdc,
    0x80, 0x39, 0x88, 0x3, 0xb4, 0x3, 0xff, 0x8e,
    0x31, 0xd2, 0x80, 0x1c, 0xa0, 0x1f, 0xfc, 0xe1,
    0x10, 0x7, 0xf2, 0x46, 0xd1, 0x0, 0x4c, 0x60,
    0x18, 0x50, 0x3, 0xff, 0x8c, 0xbe, 0xe0, 0x1f,
    0xbc, 0x3, 0xff, 0x9e, 0xa0, 0x1f, 0xfc, 0x5,
    0xd8, 0x2, 0x90, 0xe, 0x90, 0xf, 0xfe, 0x34,
    0x50, 0x80, 0x7f, 0x10, 0x7, 0xff, 0x3c, 0x80,
    0x3f, 0xf8, 0x4f, 0x98, 0x0, 0xf3, 0x80, 0x7f,
    0xf1, 0x69, 0xc0, 0x3f, 0xe6, 0x0, 0xff, 0xe7,
    0xf0, 0x7, 0xff, 0xc, 0xc4, 0x3, 0xa4, 0x3,
    0xff, 0x8b, 0xa, 0x1, 0xf0, 0xac, 0x56, 0x90,
    0x7, 0xff, 0x3d, 0xee, 0xfa, 0xa5, 0xd0, 0x3,
    0xff, 0x80, 0x8c, 0x1, 0xff, 0xc4, 0x57, 0x0,
    0xf1, 0xdf, 0x53, 0xa9, 0x0, 0x7f, 0xf4, 0x51,
    0x39, 0x5a, 0x2f, 0x98, 0x3, 0xf8, 0xa8, 0x3,
    0xff, 0x88, 0x36, 0x1, 0xe9, 0xc4, 0x0, 0xff,
    0xef, 0x8c, 0xe1, 0x0, 0x78, 0x70, 0x40, 0x3f,
    0xf8, 0x92, 0x20, 0x1d, 0x6c, 0x1, 0xff, 0xe3,
    0x3c, 0x20, 0xe, 0x10, 0xf, 0xfe, 0x28, 0xb8,
    0x7, 0x52, 0x0, 0x7f, 0xf9, 0x47, 0x4, 0x3,
    0x98, 0x3, 0xff, 0x88, 0xe0, 0x1c, 0xaa, 0x0,
    0xff, 0xf3, 0x8d, 0x80, 0x75, 0x0, 0x7f, 0xf1,
    0x28, 0x3, 0xa0, 0x3, 0xff, 0xd2, 0xa6, 0x1,
    0x88, 0x80, 0x1f, 0xfc, 0x3d, 0xde, 0xe2, 0x0,
    0xff, 0xf5, 0x66, 0xee, 0xe2, 0x0, 0xff, 0xe1,
    0x89, 0x16, 0x10, 0xf, 0xff, 0x61, 0x16, 0x10,
    0xf, 0xff, 0xf8, 0x7, 0xff, 0xfc, 0x3, 0xff,
    0xfe, 0x1, 0xff, 0xdc, 0x3d, 0xff, 0xff, 0xf9,
    0xe9, 0x80, 0x7f, 0xf0, 0xc7, 0x48, 0x3, 0xff,
    0xe6, 0x5a, 0x1, 0xff, 0xc3, 0x51, 0x0, 0xff,
    0xfa, 0x89, 0x80, 0x7f, 0xf0, 0x98, 0x3, 0xff,
    0xee, 0x20, 0x1f, 0xfc, 0x22, 0x70, 0xf, 0xff,
    0xab, 0x10, 0x7, 0xff, 0xe, 0x2d, 0xdf, 0xff,
    0xe7, 0x52, 0x1, 0xff, 0xc5, 0x48, 0x8f, 0xff,
    0x9a, 0x80, 0x7f, 0xff, 0xc0, 0x3f, 0xff, 0xe0,
    0x1f, 0xff, 0xf0, 0xf, 0xfe, 0xac, 0x77, 0xff,
    0xff, 0xcb, 0x5c, 0x3, 0xff, 0x89, 0x2e, 0x20,
    0x1f, 0xff, 0x22, 0x86, 0x0, 0xff, 0xe1, 0xb8,
    0x7, 0xff, 0xdb, 0x40, 0x3f, 0xff, 0xe0, 0x1f,
    0x8, 0x7, 0xff, 0xe, 0x0, 0x3f, 0xfe, 0xd2,
    0x1, 0xff, 0xc3, 0x6c, 0x76, 0x6f, 0xff, 0x94,
    0x69, 0x80, 0x7f, 0xf1, 0xe, 0x26, 0x7f, 0xfe,
    0x4e, 0x40, 0x1f, 0xff, 0xf0, 0xf, 0xff, 0xf8,
    0x7, 0xff, 0xfc, 0x3, 0xff, 0xd6, 0x2f, 0x55,
    0xff, 0xf2, 0x96, 0x0, 0xff, 0xe2, 0xf, 0xc2,
    0xaf, 0xff, 0xc9, 0xa6, 0x80, 0x3f, 0xf8, 0x6e,
    0x20, 0x1f, 0xff, 0x55, 0x20, 0xf, 0xfe, 0x10,
    0x80, 0x7f, 0xff, 0xc0, 0x3e, 0x61, 0x0, 0xff,
    0xfa, 0x91, 0x0, 0x3f, 0xf8, 0x43, 0xa6, 0x1,
    0xff, 0xf2, 0x14, 0xc0,

    /* U+F050 "" */
    0x0, 0xff, 0xfb, 0xb5, 0xef, 0xf6, 0x39, 0x0,
    0x7f, 0xfe, 0xdb, 0xa5, 0x8, 0x4, 0xe3, 0x64,
    0x3, 0xff, 0xf3, 0x32, 0x10, 0xf, 0xcd, 0xa4,
    0x1, 0xff, 0xf6, 0x66, 0x0, 0x7f, 0xc5, 0xe2,
    0x1, 0xff, 0xf5, 0xd0, 0xf, 0xfe, 0x9, 0x58,
    0x7, 0xff, 0xd4, 0x40, 0x3f, 0xf8, 0x4a, 0x60,
    0x1f, 0xff, 0x4e, 0x0, 0xc7, 0x9f, 0xce, 0x1,
    0xe9, 0x0, 0xff, 0xfa, 0x25, 0xa1, 0xc6, 0x18,
    0xc, 0x30, 0x7, 0x20, 0x7, 0xff, 0xd5, 0x2f,
    0x1c, 0x3, 0xac, 0x3, 0x84, 0x3, 0xff, 0xfc,
    0x40, 0x1e, 0x10, 0xf, 0xff, 0xe9, 0x0, 0x78,
    0x40, 0x3f, 0xff, 0xb0, 0x1, 0xc2, 0x1, 0xff,
    0xfc, 0x3a, 0x50, 0xe, 0x70, 0x0, 0xdf, 0xff,
    0xff, 0xe3, 0x14, 0x3, 0xd4, 0x0, 0xd4, 0x0,
    0xff, 0xff, 0xa9, 0x80, 0x98, 0x7, 0xff, 0xfc,
    0xa8, 0x3, 0xff, 0xfe, 0x1, 0x1e, 0x0, 0x42,
    0xa0, 0x1f, 0xff, 0xd7, 0xc1, 0x0, 0xd5, 0x6,
    0x45, 0xff, 0xf7, 0x35, 0x9e, 0x80, 0xf, 0x9f,
    0x37, 0x7f, 0xfe, 0xf9, 0x4c, 0x20, 0x1f, 0xff,
    0xf0, 0xf, 0xff, 0xf8, 0x7, 0xff, 0xfc, 0x3,
    0xff, 0xfe, 0x1, 0xff, 0xd3, 0x1b, 0xff, 0xff,
    0xf3, 0xf5, 0x20, 0x7, 0xff, 0x37, 0x50, 0x3,
    0xff, 0xce, 0x2b, 0x78, 0x40, 0x1f, 0xfc, 0xa1,
    0x30, 0xf, 0xff, 0x59, 0xea, 0x0, 0x7f, 0xff,
    0xc0, 0x3a, 0xcc, 0x3, 0xff, 0x90, 0x2a, 0x1,
    0xff, 0xee, 0xd0, 0xf, 0xfe, 0x4d, 0x39, 0x8,
    0xff, 0xf9, 0x0, 0x3f, 0xb, 0x80, 0x7f, 0xf2,
    0x63, 0x7b, 0xbf, 0xfc, 0x9f, 0xd2, 0x1, 0xea,
    0x0, 0xff, 0xfe, 0xb, 0x50, 0x7, 0x10, 0x80,
    0x7f, 0xff, 0x54, 0x40, 0x38, 0x80, 0x3f, 0xff,
    0xc6, 0x1, 0xff, 0xfb, 0x57, 0x30, 0xe, 0x22,
    0x0, 0x70, 0x80, 0x7f, 0xfd, 0x36, 0xa3, 0x24,
    0x2, 0x2e, 0x0, 0xe1, 0x20, 0xf, 0xff, 0x9b,
    0x90, 0x4, 0xdd, 0x79, 0xa6, 0x1, 0xce, 0x1,
    0xff, 0xf4, 0xe0, 0xe, 0x14, 0x30, 0xf, 0xac,
    0x3, 0xff, 0xe9, 0xe0, 0x1f, 0xfc, 0x29, 0x20,
    0xf, 0xff, 0xa3, 0x28, 0x7, 0xff, 0x1, 0xd8,
    0x3, 0xff, 0xed, 0x50, 0x1, 0xfe, 0xa8, 0x0,
    0xff, 0xfc, 0x3f, 0x30, 0x80, 0x62, 0x7e, 0x50,
    0xf, 0xff, 0xd0, 0xcf, 0x73, 0x37, 0xb6, 0x4,
    0x3, 0xff, 0x96,

    /* U+F051 "" */
    0x0, 0xff, 0xed, 0x8a, 0x20, 0x3, 0xff, 0xfe,
    0x1, 0x2f, 0x5d, 0xb8, 0xc0, 0x3f, 0xff, 0xe3,
    0x40, 0x10, 0xf0, 0x7, 0xff, 0xfd, 0x40, 0x38,
    0x88, 0x1, 0xff, 0xfe, 0x20, 0xf, 0x8, 0x7,
    0xff, 0xfc, 0x3, 0xff, 0xfe, 0x1, 0xff, 0xff,
    0x0, 0xff, 0xff, 0x80, 0x7f, 0xff, 0xc0, 0x3f,
    0xff, 0xe0, 0x1f, 0xff, 0xf0, 0xf, 0xfe, 0x2a,
    0x29, 0x0, 0x7f, 0xf2, 0x4c, 0x3, 0xc2, 0x1,
    0xff, 0xc9, 0x35, 0x30, 0xf, 0xfe, 0x60, 0xe5,
    0xd6, 0xb8, 0x7, 0xff, 0x21, 0x80, 0x3c, 0x40,
    0x1f, 0xfc, 0x8b, 0xca, 0xca, 0x0, 0xff, 0xe5,
    0xc1, 0x80, 0x51, 0x0, 0xf, 0xfe, 0x39, 0xa0,
    0x6, 0x60, 0xf, 0xfe, 0x46, 0x20, 0x4, 0xac,
    0x1, 0xff, 0xca, 0x40, 0xe, 0x78, 0x0, 0xff,
    0xe3, 0xdb, 0x99, 0xa2, 0x40, 0x3f, 0xf8, 0xf6,
    0x60, 0x1d, 0x80, 0x1f, 0xfc, 0xa1, 0x0, 0xf3,
    0xc0, 0x7, 0xff, 0x1e, 0x33, 0xe, 0x1, 0xff,
    0xc7, 0xb4, 0x0, 0xf1, 0x80, 0x7f, 0xf2, 0xac,
    0x3, 0xe7, 0x80, 0xf, 0xfe, 0xe5, 0xa0, 0x7,
    0xda, 0x1, 0xff, 0xca, 0x74, 0x0, 0xf9, 0xe0,
    0x3, 0xff, 0xb5, 0x68, 0x1, 0xf3, 0x20, 0x7,
    0xff, 0x2e, 0xd0, 0x3, 0xe7, 0x50, 0xf, 0xfe,
    0xc4, 0x20, 0x7, 0xcd, 0x20, 0x1f, 0xfc, 0xdb,
    0x40, 0xf, 0xa0, 0x3, 0xff, 0xb0, 0xe0, 0x1f,
    0x3c, 0x80, 0x7f, 0xf3, 0xed, 0x40, 0x3c, 0x40,
    0x1f, 0xfd, 0x72, 0x0, 0xfa, 0x20, 0x1, 0xff,
    0xd1, 0xa5, 0x0, 0xe3, 0x0, 0xff, 0xe1, 0x1a,
    0xbb, 0xcc, 0xa4, 0x1, 0xff, 0xc1, 0x20, 0xf,
    0x43, 0x80, 0x7f, 0xf4, 0xe9, 0x80, 0x37, 0x80,
    0x7f, 0x85, 0xaf, 0xf2, 0xa2, 0x29, 0xad, 0xfb,
    0x50, 0xf, 0xfa, 0x40, 0x34, 0xb8, 0x7, 0xff,
    0x56, 0x71, 0xdd, 0xa6, 0x1, 0xf8, 0xa7, 0xa5,
    0x0, 0x3f, 0xc9, 0x5f, 0x2, 0x1, 0xf9, 0xad,
    0xdd, 0xac, 0x1, 0xff, 0xd7, 0x38, 0x81, 0x0,
    0x7e, 0x9d, 0x60, 0xf, 0xfe, 0x23, 0xf3, 0x80,
    0x7e, 0x48, 0x81, 0x0, 0x7f, 0xf8, 0x8f, 0x98,
    0x3, 0xff, 0x91, 0x18, 0x40, 0x1f, 0xfe, 0xb6,
    0xc1, 0x0, 0xff, 0xe5, 0x1e, 0x18, 0x7, 0xff,
    0xa5, 0xe4, 0x3, 0xff, 0x80, 0x20, 0x1f, 0xfc,
    0x1, 0xc4, 0x0, 0xff, 0xf3, 0xac, 0x0, 0x7f,
    0x2d, 0x77, 0xf7, 0xfb, 0x65, 0x40, 0x3f, 0xac,
    0xc0, 0x3f, 0xfc, 0xa5, 0x40, 0x1f, 0x9f, 0xe9,
    0x44, 0x3, 0x13, 0x57, 0x30, 0x7, 0xee, 0x0,
    0xff, 0xf2, 0xf8, 0x7, 0xc7, 0xd0, 0x1, 0xff,
    0xc, 0xe0, 0x80, 0x78, 0xa8, 0x3, 0xff, 0xc6,
    0xe4, 0x1, 0xe5, 0xc1, 0x0, 0xff, 0xe1, 0x1f,
    0x98, 0x7, 0x94, 0xc0, 0x3f, 0xfc, 0x23, 0x0,
    0x1e, 0x4a, 0x0, 0xff, 0xe2, 0x8e, 0x90, 0x7,
    0xbc, 0x3, 0xff, 0xc2, 0xc0, 0x1e, 0x2b, 0x0,
    0xff, 0xe3, 0x8f, 0x80, 0x78, 0xd0, 0x3, 0xff,
    0xc1, 0x20, 0x1e, 0xe0, 0xf, 0xfe, 0x49, 0x48,
    0x7, 0xb8, 0x3, 0xff, 0xbe, 0x62, 0x1, 0xca,
    0x60, 0x1f, 0xfc, 0xa6, 0x20, 0xe, 0x50, 0xf,
    0xfe, 0xfd, 0x80, 0x7a, 0x40, 0x3f, 0xf9, 0x96,
    0x1, 0xe4, 0x0, 0xff, 0xef, 0x20, 0x7, 0x9,
    0x80, 0x7f, 0xf3, 0x10, 0x3, 0xd8, 0x1, 0xff,
    0xca, 0x4c, 0xff, 0xfd, 0xb0, 0x1, 0xf8, 0x80,
    0x39, 0xc0, 0x3f, 0xf9, 0xa4, 0x40, 0xe, 0x20,
    0xf, 0x86, 0xbb, 0xff, 0xee, 0xb3, 0x5, 0xb3,
    0x0, 0xfc, 0x4f, 0x40, 0x1f, 0x8, 0x7, 0x70,
    0x7, 0xff, 0x39, 0x80, 0x39, 0xc0, 0x3e, 0xc5,
    0x10, 0xf, 0x85, 0x30, 0xa0, 0x3, 0xff, 0x80,
    0xa2, 0x1, 0xc2, 0x1, 0xe2, 0x0, 0xff, 0xe7,
    0x10, 0x7, 0x18, 0x7, 0x90, 0x80, 0x3f, 0xf8,
    0x16, 0x40, 0x1f, 0xfc, 0x12, 0x0, 0xe3, 0x0,
    0xff, 0xea, 0x88, 0x7, 0xff, 0x0, 0x80, 0x3f,
    0xf8, 0x24, 0x80, 0x1f, 0xfc, 0x13, 0x0, 0xe3,
    0x0, 0xf1, 0x80, 0x7f, 0xf3, 0x88, 0x3, 0x8c,
    0x3, 0xca, 0x1, 0xff, 0xc1, 0x39, 0x0, 0xff,
    0xe0, 0x40, 0x7, 0x84, 0x3, 0xc2, 0x1, 0xff,
    0xce, 0x10, 0xe, 0x10, 0xf, 0x1a, 0x0, 0x7f,
    0xc5, 0x5, 0xac, 0x89, 0xf9, 0xad, 0xc0, 0x3e,
    0x10, 0xe, 0xc0, 0xf, 0xfe, 0x72, 0x0, 0x73,
    0x0, 0x7d, 0x72, 0xa8, 0x9f, 0x2c, 0x68, 0x0,
    0xa6, 0xef, 0xf4, 0xa0, 0x7, 0xe5, 0x0, 0xe4,
    0x0, 0xff, 0xe6, 0x98, 0x7, 0xb4, 0x3, 0xf3,
    0x55, 0xdf, 0xd4, 0xe0, 0x1f, 0xfc, 0xbc, 0x0,
    0xf3, 0x0, 0x7f, 0xc6, 0x20, 0x1f, 0xf4, 0x80,
    0x78, 0xc0, 0x3f, 0xfb, 0xca, 0x1, 0xe8, 0x0,
    0xff, 0x46, 0x79, 0x0, 0x7f, 0x12, 0x80, 0x79,
    0x0, 0x3f, 0xfb, 0xc4, 0x40, 0xe, 0x18, 0x0,
    0xfd, 0x2e, 0x3, 0x86, 0x1, 0xfa, 0x40, 0x3c,
    0xc0, 0x1f, 0xfe, 0xb, 0x0, 0xf3, 0x98, 0x7,
    0xa9, 0x80, 0x21, 0xc4, 0x0, 0xf3, 0xa0, 0x7,
    0xac, 0x3, 0xff, 0xc0, 0xca, 0x89, 0xe5, 0x0,
    0xea, 0x50, 0xf, 0x5a, 0x0, 0x77, 0xa2, 0x79,
    0xc8, 0x3, 0xff, 0xc3, 0x57, 0x7e, 0x60, 0xd,
    0x6a, 0x1, 0xfa, 0xd8, 0x3, 0x45, 0xdf, 0xa0,
    0x3, 0xff, 0xd8, 0x38, 0x80, 0x1f, 0xe9, 0x70,
    0xf, 0xff, 0xb0, 0xe1, 0x80, 0x7f, 0xf0, 0x22,
    0x0, 0x1f, 0xff, 0x41, 0xc2, 0x0, 0xff, 0xe1,
    0x3c, 0x80, 0x7f, 0xfc, 0x8b, 0xc8, 0x3, 0xe7,
    0x20, 0xf, 0x9a, 0x80, 0x3f, 0xfc, 0xc2, 0xac,
    0xdf, 0xd8, 0x20, 0x1f, 0x4c, 0x61, 0x80, 0x7c,
    0xb6, 0xcd, 0xfc, 0xa2, 0x1, 0xff, 0xd9, 0x4f,
    0xa9, 0x9f, 0xe1, 0x0, 0xfa, 0x58, 0x7, 0x10,
    0x3, 0xe4, 0x99, 0xfe, 0xaf, 0x40, 0xf, 0xfe,
    0xc5, 0x8, 0x7, 0xff, 0x16, 0x98, 0x3, 0x5a,
    0x0, 0x7f, 0xf1, 0x46, 0x80, 0x3f, 0xfa, 0xe4,
    0x20, 0x1f, 0xfc, 0x5b, 0x50, 0xf, 0x5a, 0x80,
    0x7f, 0xf1, 0x44, 0xc0, 0x3f, 0xfa, 0xc6, 0x1,
    0xff, 0xc5, 0xb4, 0x0, 0xfd, 0x4c, 0x1, 0xff,
    0xc5, 0x10, 0xf, 0xfe, 0xb0, 0xa8, 0x7, 0xff,
    0x8, 0x71, 0x0, 0x3f, 0xd2, 0xe0, 0x1f, 0xfc,
    0x34, 0x20, 0xf, 0xfe, 0xbd, 0x30, 0x80, 0x7f,
    0xc5, 0xa6, 0x1, 0xff, 0xc0, 0x88, 0x0, 0x7f,
    0xf0, 0x56, 0x80, 0x3f, 0xfb, 0x33, 0xdf, 0xff,
    0xf6, 0x98, 0x7, 0xff, 0x9, 0xff, 0xff, 0xf8,
    0x34, 0x20, 0x1f, 0xfc, 0x60,

    /* U+F052 "" */
    0x0, 0xff, 0xed, 0x15, 0x65, 0x8, 0x7, 0xff,
    0xfc, 0xb5, 0x4d, 0x7c, 0x40, 0x3f, 0xff, 0xd0,
    0x1, 0x86, 0x40, 0x3f, 0xff, 0xcc, 0x1, 0xc4,
    0x1, 0xff, 0xfe, 0x10, 0xe, 0x10, 0xf, 0xff,
    0xf8, 0x7, 0xff, 0xfc, 0x3, 0xff, 0xfe, 0x1,
    0xff, 0xff, 0x0, 0xff, 0xff, 0x80, 0x7f, 0xff,
    0xc0, 0x3f, 0xff, 0xe0, 0x1f, 0xe6, 0xcd, 0x90,
    0xf, 0xfe, 0x4b, 0x0, 0x71, 0x0, 0x7f, 0xf2,
    0x6, 0xb7, 0x10, 0x3, 0xff, 0x96, 0xf2, 0x64,
    0xd8, 0x1, 0xff, 0xc8, 0xc0, 0xe, 0xc0, 0xf,
    0xfe, 0x39, 0x7a, 0x91, 0xd9, 0x80, 0x7f, 0xf2,
    0xa4, 0x3, 0x1e, 0x0, 0x7f, 0xf1, 0xdd, 0x40,
    0x26, 0x50, 0xf, 0xfe, 0x31, 0x60, 0x80, 0x68,
    0x0, 0xff, 0xe5, 0x8, 0x7, 0x1e, 0x0, 0x7f,
    0xf1, 0xeb, 0x2b, 0x64, 0x3, 0xff, 0x8c, 0x58,
    0x20, 0x1c, 0xe0, 0x1f, 0xfc, 0xa3, 0x0, 0xf1,
    0xe0, 0x7, 0xff, 0x1c, 0xd4, 0x80, 0x3f, 0xf8,
    0xc5, 0x82, 0x1, 0xe5, 0x0, 0xff, 0xe5, 0x78,
    0x7, 0xc7, 0x60, 0x1f, 0xfd, 0xa2, 0xc1, 0x0,
    0xf0, 0xc0, 0x7, 0xff, 0x28, 0xec, 0x3, 0xe4,
    0xb0, 0xf, 0xfe, 0xc0, 0xe0, 0x80, 0x78, 0x70,
    0x40, 0x3f, 0xf9, 0x69, 0x60, 0x1f, 0x24, 0x80,
    0x7f, 0xf5, 0xe0, 0x40, 0x3c, 0x38, 0x40, 0x1f,
    0xfc, 0xd4, 0xb0, 0xf, 0x9c, 0x3, 0xff, 0xae,
    0x80, 0x1e, 0x1c, 0x20, 0xf, 0xfe, 0x7a, 0x60,
    0x7, 0x8c, 0x3, 0xff, 0x86, 0x46, 0x86, 0x40,
    0x1f, 0xfc, 0x31, 0x0, 0xe1, 0xc2, 0x0, 0xff,
    0xe8, 0x9e, 0x0, 0x74, 0x80, 0x7f, 0xc9, 0x3b,
    0xfb, 0x97, 0x9b, 0xfb, 0x8, 0x1, 0xff, 0x50,
    0x6, 0x1c, 0x20, 0xf, 0xfe, 0x99, 0xea, 0x89,
    0xda, 0x0, 0x7e, 0x18, 0xeb, 0x62, 0x0, 0xf8,
    0x9e, 0xf9, 0xc0, 0x3f, 0x9a, 0x48, 0x5b, 0xc8,
    0x3, 0xff, 0xaa, 0x55, 0xd8, 0x80, 0x1f, 0x9f,
    0x9c, 0x40, 0x3f, 0xf8, 0x23, 0x1c, 0xc0, 0x1f,
    0x9b, 0x7a, 0x44, 0x3, 0xff, 0xc2, 0x7b, 0x0,
    0x1f, 0xfc, 0x61, 0x9c, 0x20, 0xf, 0xff, 0x5a,
    0xe1, 0x0, 0x7f, 0xf2, 0x4f, 0x10, 0x3, 0xff,
    0xd2, 0xd4, 0x1, 0xff, 0xcc, 0x1b, 0x50, 0xf,
    0xff, 0x3a, 0xc8, 0x7, 0xf9, 0x1e, 0x26, 0x19,
    0x0, 0x3f, 0xd4, 0x60, 0x1f, 0xfe, 0x53, 0xa0,
    0xf, 0xc7, 0x7f, 0x70, 0xec, 0xf3, 0x7f, 0x44,
    0x1, 0xfb, 0x44, 0x3, 0xff, 0xc9, 0xc0, 0x1f,
    0xd, 0xe2, 0x0, 0x7f, 0x2e, 0xc8, 0x7, 0xc3,
    0xa0, 0x1f, 0xfe, 0x38, 0x20, 0xf, 0x1f, 0xa0,
    0x7, 0xff, 0x5, 0xb0, 0x40, 0x3c, 0x6a, 0x1,
    0xff, 0xe1, 0x17, 0x0, 0xf2, 0x60, 0x80, 0x7f,
    0xf0, 0xcf, 0xc8, 0x3, 0xd6, 0x1, 0xff, 0xe1,
    0x90, 0xf, 0x15, 0x80, 0x7f, 0xf1, 0x87, 0xc0,
    0x3c, 0x2c, 0x1, 0xff, 0xe0, 0x60, 0xf, 0x78,
    0x7, 0xff, 0x20, 0xa8, 0x3, 0xd6, 0x1, 0xff,
    0xdf, 0x51, 0x0, 0xe7, 0x20, 0xf, 0xfe, 0x4a,
    0x98, 0x7, 0x11, 0x80, 0x7f, 0xf7, 0xbc, 0x3,
    0xd2, 0x1, 0xff, 0xcb, 0x80, 0xf, 0x20, 0x7,
    0xff, 0x79, 0x0, 0x39, 0x4, 0x3, 0xff, 0x96,
    0x82, 0x1, 0xd6, 0x1, 0xff, 0xcb, 0x46, 0x6f,
    0xc8, 0x20, 0x1f, 0x8, 0x80, 0x3b, 0x40, 0x3f,
    0xf9, 0xae, 0x1, 0xc6, 0x1, 0xf8, 0x55, 0x9b,
    0xf1, 0x80, 0x7, 0x6e, 0x67, 0xf5, 0xf9, 0x80,
    0x78, 0x80, 0x3c, 0xa0, 0x1f, 0xfc, 0xdf, 0x0,
    0xf0, 0x80, 0x79, 0x7a, 0xa6, 0x7f, 0x65, 0x85,
    0x10, 0x7, 0xf8, 0x7c, 0x3, 0xce, 0x1, 0xe2,
    0x0, 0xff, 0xe6, 0x98, 0x7, 0x8c, 0x3, 0xd4,
    0x1, 0xff, 0x23, 0xa0, 0x7, 0xff, 0x0, 0xc0,
    0x3c, 0x20, 0x1e, 0x10, 0xf, 0xfe, 0x6b, 0x0,
    0x78, 0x40, 0x38, 0xc0, 0x3f, 0xf8, 0x38, 0x40,
    0x1f, 0xfc, 0x1, 0x0, 0xf0, 0x80, 0x78, 0x40,
    0x3f, 0xf9, 0xae, 0x1, 0xe1, 0x0, 0xe1, 0x0,
    0xff, 0xe0, 0x8d, 0x80, 0x7f, 0xf0, 0x18, 0x3,
    0xff, 0x82, 0x60, 0x1f, 0xfc, 0xd1, 0x0, 0xf1,
    0x80, 0x71, 0x18, 0x7, 0xff, 0x2, 0x5a, 0x44,
    0x3, 0xf0, 0xbc, 0x0, 0x79, 0x80, 0x3c, 0xe0,
    0x1f, 0xfc, 0xdd, 0x0, 0xf0, 0x80, 0x7b, 0x54,
    0x3, 0xf8, 0xac, 0xc1, 0xbb, 0xff, 0xf7, 0x40,
    0x7, 0xc4, 0x1, 0xec, 0x0, 0xff, 0xe6, 0xa0,
    0x7, 0x10, 0x7, 0xc3, 0x5f, 0xff, 0xda, 0x80,
    0x1f, 0xfc, 0xa3, 0x0, 0xe7, 0x0, 0xff, 0xe6,
    0x11, 0x80, 0x73, 0x80, 0x7f, 0xf7, 0x90, 0x3,
    0x85, 0x40, 0x3f, 0xf9, 0x76, 0x1, 0xef, 0x0,
    0xff, 0xef, 0x58, 0x7, 0xa0, 0x3, 0xff, 0x94,
    0x4c, 0x1, 0xe5, 0x0, 0xff, 0xef, 0x19, 0x0,
    0x71, 0x40, 0x7, 0xff, 0x26, 0x40, 0x3c, 0xc0,
    0x1f, 0xfe, 0x8, 0x0, 0xf3, 0x88, 0x7, 0xff,
    0x1d, 0x10, 0x1, 0xc3, 0x60, 0x1f, 0xfe, 0x5,
    0xff, 0xf8, 0x40, 0x3f, 0xf8, 0xe9, 0xff, 0xee,
    0x20, 0xf, 0xff, 0xf8, 0x7, 0xff, 0xfc, 0x3,
    0xff, 0xfe, 0x1, 0xff, 0xff, 0x0, 0xff, 0xfa,
    0x8a, 0xbb, 0xff, 0x98, 0x80, 0x3f, 0xf8, 0x68,
    0xce, 0xff, 0xe6, 0x30, 0xf, 0xfe, 0xca, 0x75,
    0x44, 0x7f, 0xa7, 0xc, 0x3, 0xff, 0x82, 0xf7,
    0x31, 0x1f, 0xe9, 0xc9, 0x0, 0xff, 0xec, 0x50,
    0x7, 0xff, 0x4, 0x71, 0x0, 0x3f, 0xe8, 0x80,
    0x7, 0xff, 0x9, 0x94, 0x3, 0xff, 0xac, 0x42,
    0x1, 0xff, 0xc3, 0xb4, 0x0, 0xfe, 0xa7, 0x0,
    0xff, 0xe2, 0x60, 0x7, 0xff, 0x58, 0xc0, 0x3f,
    0xf8, 0xb6, 0xa0, 0x1f, 0x52, 0x80, 0x7f, 0xf1,
    0x44, 0x3, 0xff, 0xac, 0x28, 0x1, 0xff, 0xc5,
    0xa6, 0x0, 0xeb, 0x50, 0xf, 0xfe, 0x35, 0x0,
    0x7f, 0xf5, 0xed, 0x80, 0x3f, 0xf8, 0xb2, 0xe0,
    0x1, 0xc4, 0x0, 0xff, 0xe2, 0x9e, 0x10, 0x7,
    0xff, 0x62, 0x7f, 0xff, 0xb4, 0x40, 0x3e, 0x88,
    0xe, 0x18, 0x7, 0xc9, 0xdf, 0xff, 0xd8, 0x60,
    0x1f, 0xfe, 0x32, 0xf2, 0x0, 0xf9, 0xf8, 0x80,
    0x3e, 0x5b, 0x10, 0xf, 0xff, 0x78, 0xe1, 0x80,
    0x7f, 0xf0, 0xde, 0x80, 0x3f, 0xfe, 0x43, 0x88,
    0x1, 0xff, 0xc1, 0x88, 0x0, 0x7f, 0xfd, 0x6d,
    0x40, 0x3f, 0xea, 0x70, 0xf, 0xff, 0xbd, 0x30,
    0x7, 0xf5, 0xa8, 0x7, 0xff, 0xe6, 0x5c, 0x3,
    0xc3, 0x88, 0x1, 0xff, 0xfb, 0x88, 0x0, 0x62,
    0xc3, 0x0, 0xff, 0xfe, 0xbc, 0x80, 0xb, 0x8,
    0x3, 0xff, 0xfe, 0xd6, 0xda, 0x20, 0x1f, 0xfd,
    0xa0,

    /* U+F07A "" */
    0x0, 0xff, 0xe6, 0xa0, 0x7, 0xff, 0x96, 0xed,
    0x0, 0x1f, 0xfe, 0x3c, 0x40, 0x7a, 0x0, 0xff,
    0xf0, 0xe, 0x18, 0x4, 0xb4, 0x1, 0xff, 0xde,
    0x1c, 0x30, 0xe, 0x59, 0x0, 0xff, 0xee, 0xe,
    0x90, 0x7, 0xcd, 0x0, 0x1f, 0xfd, 0xbd, 0x30,
    0xf, 0xe7, 0x60, 0xf, 0xfe, 0xcd, 0x98, 0x7,
    0xfd, 0x2a, 0x1, 0xff, 0xd7, 0xa4, 0x0, 0xff,
    0xe0, 0xd1, 0x80, 0x7f, 0xf5, 0x61, 0x40, 0x3f,
    0xf8, 0x7a, 0x40, 0x1f, 0xfd, 0x36, 0x70, 0xf,
    0xfe, 0x20, 0xf8, 0x80, 0x7f, 0xf4, 0x4e, 0x40,
    0x3f, 0xf8, 0xc5, 0x40, 0x1f, 0xfd, 0x1, 0xd0,
    0xf, 0xfe, 0x42, 0x48, 0x7, 0xff, 0x3f, 0x4,
    0x3, 0xff, 0x92, 0xce, 0x1, 0xff, 0xcd, 0xa2,
    0x0, 0xff, 0xe5, 0xc2, 0x0, 0x7f, 0xf2, 0xdd,
    0x40, 0x3f, 0xf9, 0xb4, 0x40, 0x1f, 0xfc, 0x93,
    0x80, 0xf, 0xfe, 0x70, 0xf8, 0x7, 0xff, 0x20,
    0x74, 0x3, 0xff, 0xa0, 0x54, 0x1, 0xff, 0xc7,
    0xa1, 0x0, 0xff, 0xe8, 0xab, 0x0, 0x7f, 0xf1,
    0x59, 0x0, 0x3f, 0xf9, 0x44, 0x58, 0x40, 0x34,
    0x90, 0x7, 0xff, 0xc, 0xa4, 0x3, 0xa, 0x20,
    0xc0, 0x3f, 0xf8, 0x4b, 0xbb, 0x8c, 0x3, 0xb8,
    0x3, 0xff, 0x87, 0x20, 0x12, 0x67, 0x5d, 0xb3,
    0xe8, 0x40, 0x3f, 0xe8, 0x0, 0x94, 0x80, 0x38,
    0xd8, 0x3, 0xff, 0x82, 0xa8, 0x0, 0x6b, 0x30,
    0xe, 0x5f, 0x20, 0xf, 0xe4, 0x20, 0xa, 0x40,
    0x3e, 0x81, 0x0, 0xff, 0xe0, 0x58, 0x0, 0xe4,
    0x3, 0xf0, 0xf8, 0x7, 0xf4, 0x0, 0x48, 0x60,
    0x1f, 0xc, 0x0, 0x7f, 0xce, 0x20, 0xf, 0x0,
    0xe1, 0x0, 0xc4, 0xc0, 0x1f, 0x19, 0x80, 0x2f,
    0x0, 0xfe, 0x62, 0x0, 0xfe, 0x19, 0x0, 0x11,
    0x80, 0x6d, 0xe7, 0x0, 0xd4, 0x1, 0xf4, 0x80,
    0x46, 0x80, 0x1f, 0xe8, 0x0, 0xfe, 0x91, 0x0,
    0x20, 0x6, 0x42, 0x9, 0x0, 0xc6, 0x1, 0xe2,
    0x50, 0xa, 0x40, 0x3f, 0xe5, 0x30, 0xf, 0xce,
    0x1, 0x78, 0x6, 0x30, 0x0, 0x88, 0x3, 0x18,
    0x7, 0x58, 0x4, 0x4a, 0x1, 0xff, 0xc0, 0x90,
    0xf, 0x9c, 0x3, 0x10, 0x6, 0xf0, 0x8, 0xc0,
    0x33, 0x0, 0x61, 0x60, 0xa, 0xc0, 0x3f, 0xf8,
    0x2a, 0x40, 0x1e, 0x90, 0xc, 0xe0, 0x1f, 0xfc,
    0x13, 0x0, 0xd2, 0x1, 0xb, 0x0, 0x7f, 0xf0,
    0xac, 0x3, 0x90, 0x40, 0x33, 0x80, 0x7f, 0xf1,
    0x98, 0x2, 0x90, 0xf, 0xfe, 0x1b, 0x80, 0x77,
    0x0, 0x70, 0x80, 0x6f, 0x0, 0xfc, 0x60, 0x13,
    0x8, 0x4, 0xc0, 0x1f, 0xfc, 0x31, 0x50, 0xc,
    0xa0, 0x1c, 0x40, 0x18, 0x40, 0x22, 0x0, 0xce,
    0x1, 0x40, 0x4, 0xc2, 0x1, 0xff, 0xc4, 0xe0,
    0x9, 0x0, 0x3d, 0xa0, 0x19, 0x0, 0x6, 0x1,
    0xc4, 0x0, 0x51, 0x0, 0xa0, 0x3, 0xff, 0x8a,
    0x80, 0x16, 0x80, 0x79, 0x40, 0x31, 0x4a, 0xf0,
    0x6, 0x50, 0xa, 0x0, 0x25, 0x10, 0xf, 0xfe,
    0x32, 0x80, 0x10, 0x3, 0xe6, 0x0, 0xcd, 0x44,
    0x1, 0xa4, 0x0, 0x84, 0x1, 0x40, 0x7, 0xff,
    0x1f, 0x40, 0x4, 0x1, 0xf4, 0x8, 0x7, 0xf3,
    0x18, 0x3, 0xc0, 0x24, 0x20, 0xe, 0x45, 0x51,
    0x80, 0x7f, 0x8c, 0x8, 0x3, 0xf0, 0xe1, 0x0,
    0x7c, 0xb2, 0x0, 0x34, 0x0, 0xbc, 0x3, 0x4f,
    0xdd, 0x53, 0x39, 0xc0, 0x3f, 0x28, 0x8, 0x7,
    0xf1, 0x6c, 0x20, 0x88, 0x96, 0xe8, 0x2, 0x90,
    0x8, 0xd0, 0x0, 0x3a, 0xc0, 0x1c, 0x31, 0x60,
    0x1f, 0x8, 0x38, 0x7, 0xfc, 0xf7, 0xdc, 0xda,
    0x40, 0x8, 0x94, 0x2, 0x90, 0xa, 0xc8, 0x3,
    0xf2, 0x38, 0x7, 0xff, 0x4a, 0xc0, 0x22, 0x50,
    0x1, 0xa8, 0x6, 0x10, 0xe, 0x80, 0xf, 0xce,
    0x1, 0xff, 0xc8, 0x16, 0x0, 0xac, 0x2, 0xa0,
    0xc, 0xbd, 0xc2, 0x0, 0xcc, 0x1, 0xf0, 0x80,
    0x7f, 0xf2, 0x24, 0x2, 0x16, 0x0, 0x90, 0x3,
    0x70, 0xd, 0x0, 0x6c, 0x0, 0xe1, 0x2, 0x0,
    0xff, 0xe4, 0x30, 0x5, 0x20, 0x10, 0x90, 0x6,
    0x50, 0x1, 0x80, 0x67, 0x0, 0xe5, 0x0, 0x10,
    0x7, 0xff, 0x19, 0x84, 0x2, 0x60, 0x8, 0xc0,
    0x38, 0x40, 0xe, 0x1, 0x8c, 0x3, 0x88, 0x0,
    0x80, 0x1f, 0xfc, 0x6b, 0x0, 0x9c, 0x40, 0x21,
    0x0, 0xff, 0xe0, 0x88, 0x7, 0x60, 0x3, 0x0,
    0x3f, 0xf8, 0xaa, 0x40, 0x14, 0x80, 0x7f, 0xf3,
    0x10, 0x0, 0x80, 0x1f, 0xfc, 0x59, 0x0, 0x98,
    0x40, 0x31, 0x0, 0x7e, 0x70, 0xc, 0x20, 0x18,
    0xc4, 0x0, 0x28, 0x1, 0xff, 0xc3, 0x43, 0x0,
    0xac, 0x3, 0x84, 0x3, 0x88, 0x0, 0x20, 0x19,
    0x40, 0x35, 0x0, 0x6f, 0x0, 0xff, 0xe1, 0xf8,
    0x4, 0x84, 0x1, 0xe4, 0x0, 0xc8, 0x0, 0xc0,
    0xc, 0x60, 0x10, 0xb0, 0x6, 0x42, 0x0, 0xff,
    0xe0, 0x92, 0x0, 0x50, 0x1, 0xf6, 0x80, 0x68,
    0x67, 0x60, 0xd, 0x60, 0x13, 0x0, 0x7a, 0x0,
    0x3f, 0xf8, 0x30, 0x1, 0x19, 0x80, 0x3e, 0x61,
    0x0, 0x86, 0x60, 0x3, 0x19, 0x80, 0x3, 0x20,
    0x1e, 0x53, 0x0, 0xff, 0x85, 0x40, 0x28, 0x0,
    0xfe, 0xb0, 0xf, 0xf7, 0x0, 0x50, 0x20, 0x1f,
    0x70, 0x7, 0xfd, 0x0, 0x11, 0x20, 0x7, 0xf2,
    0xc8, 0x7, 0xc3, 0x64, 0x0, 0x36, 0x0, 0xfc,
    0x52, 0x1, 0xfc, 0x2c, 0x1, 0x58, 0x7, 0xfc,
    0xdc, 0xe6, 0x44, 0x48, 0xf4, 0x0, 0xb8, 0x3,
    0xfc, 0xca, 0x1, 0xf9, 0x13, 0x98, 0x3, 0xff,
    0x80, 0x31, 0x9b, 0xab, 0x71, 0x0, 0xac, 0x80,
    0x3f, 0xea, 0x30, 0xf, 0x96, 0xef, 0x0, 0x7f,
    0xf2, 0xe5, 0x0, 0x3f, 0xf8, 0x38, 0x60, 0x1f,
    0xfd, 0x59, 0x60, 0xf, 0xfe, 0x1e, 0x28, 0x7,
    0xff, 0x4e, 0x98, 0x3, 0xff, 0x8b, 0x52, 0x1,
    0xff, 0xd0, 0x2d, 0x50, 0xf, 0xfe, 0x3b, 0x6a,
    0x0, 0x7f, 0xf3, 0x5f, 0x48, 0x3, 0xff, 0x92,
    0x57, 0x46, 0x1, 0xff, 0xc9, 0x5d, 0x80, 0xf,
    0xfe, 0x6a, 0xe5, 0xa8, 0x7, 0xff, 0x10, 0x5f,
    0xa8, 0x80, 0x3f, 0xfa, 0x9, 0x5f, 0x4c, 0x40,
    0x1f, 0x84, 0xdf, 0x3a, 0x4, 0x3, 0xff, 0xaa,
    0xb3, 0xbf, 0xb9, 0x76, 0xcc, 0x77, 0x32, 0xc,
    0x3, 0xff, 0x8c,

    /* U+F07D "" */
    0x0, 0xff, 0xe4, 0x9b, 0xd5, 0xee, 0x5d, 0x31,
    0x0, 0x7f, 0xfc, 0x45, 0xfb, 0x21, 0x50, 0x8d,
    0x16, 0x77, 0x4a, 0x1, 0xff, 0xee, 0x6e, 0x81,
    0x0, 0xff, 0x15, 0x69, 0x80, 0x7f, 0xfa, 0x86,
    0xe4, 0x3, 0xff, 0x86, 0x59, 0x0, 0x1f, 0xfe,
    0x82, 0xc4, 0x0, 0xf0, 0x9a, 0x20, 0x80, 0x3e,
    0x7a, 0x0, 0xff, 0xf3, 0x16, 0x10, 0x7, 0x3e,
    0x76, 0x5d, 0xb7, 0xed, 0x40, 0x39, 0x6c, 0x3,
    0xff, 0xcb, 0xc2, 0x1, 0x97, 0xa0, 0xc0, 0x3c,
    0x95, 0x84, 0x1, 0x92, 0x0, 0x3f, 0xfc, 0x72,
    0x60, 0x1a, 0x68, 0x40, 0x3f, 0xc7, 0xaa, 0x1,
    0x9c, 0xc0, 0x3f, 0xfc, 0x24, 0xc0, 0x1a, 0x58,
    0x3, 0xff, 0x85, 0x4a, 0x1, 0xbc, 0x3, 0xff,
    0xc3, 0x0, 0x19, 0x98, 0x1, 0xff, 0xc4, 0xa2,
    0x0, 0x8d, 0x40, 0x3f, 0xfb, 0xe2, 0xa0, 0x10,
    0xc8, 0x7, 0xff, 0x1b, 0x80, 0x37, 0x0, 0x7f,
    0xf7, 0xdc, 0x3, 0x48, 0x7, 0xff, 0x1c, 0xd0,
    0x2, 0x40, 0xf, 0xfe, 0xf0, 0xd0, 0x6, 0x60,
    0xf, 0xfe, 0x47, 0x0, 0x6a, 0x87, 0x52, 0x0,
    0xff, 0xeb, 0xa5, 0xf1, 0x80, 0x46, 0x20, 0x1f,
    0xfc, 0x85, 0x0, 0xca, 0xf1, 0x5b, 0xa7, 0x0,
    0xff, 0xe9, 0x96, 0x5a, 0x0, 0x72, 0x80, 0x7f,
    0xf2, 0x88, 0x3, 0xf1, 0x47, 0x30, 0x7, 0xff,
    0x5, 0x8, 0x3, 0xff, 0x82, 0x9a, 0x60, 0x1f,
    0x70, 0x7, 0xff, 0x29, 0x80, 0x3f, 0xc3, 0x32,
    0x0, 0xff, 0x17, 0x5e, 0xc0, 0x7, 0xfc, 0x96,
    0x1, 0xfc, 0x60, 0x1f, 0xfc, 0xa3, 0x0, 0xff,
    0xe0, 0x35, 0x80, 0x7e, 0x2c, 0x10, 0x3, 0x80,
    0x7f, 0x8e, 0xc0, 0x38, 0xa7, 0x7f, 0xc8, 0x1,
    0xff, 0xca, 0x8f, 0xfe, 0xeb, 0x50, 0xe, 0x49,
    0x0, 0xf1, 0x60, 0x80, 0x7f, 0xf0, 0xb8, 0x3,
    0xa7, 0x58, 0x80, 0x3f, 0xfa, 0x62, 0x95, 0xa6,
    0x1, 0x99, 0x40, 0x30, 0xf8, 0x80, 0x68, 0x0,
    0xfe, 0x72, 0x0, 0xd8, 0xc0, 0x1f, 0xfd, 0x92,
    0xc5, 0x0, 0xd6, 0x1, 0xb0, 0x80, 0x34, 0x38,
    0x7, 0xf4, 0x80, 0x6b, 0x30, 0xf, 0xfe, 0xe5,
    0x18, 0x4, 0x2e, 0x0, 0x42, 0x0, 0xd0, 0xe0,
    0x1f, 0xca, 0x20, 0x12, 0xa0, 0x7, 0xff, 0x7b,
    0x80, 0x35, 0x80, 0x18, 0x3, 0x4b, 0x80, 0x7f,
    0xb0, 0x3, 0x40, 0x7, 0xff, 0x7c, 0x98, 0x2,
    0x31, 0x2, 0x80, 0x19, 0x60, 0xf, 0xf9, 0x40,
    0x22, 0x20, 0x7, 0xff, 0x83, 0x40, 0x32, 0x80,
    0x1f, 0xf9, 0x80, 0x3f, 0xf8, 0x4, 0x1, 0x38,
    0x7, 0xff, 0x85, 0x40, 0x31, 0x0, 0x7f, 0xf1,
    0x84, 0x2, 0x20, 0xf, 0xff, 0x8, 0x80, 0x61,
    0x0, 0xff, 0xe3, 0x8, 0x4, 0x20, 0x1f, 0xfe,
    0x6b, 0x0, 0xff, 0xe3, 0x18, 0x4, 0x40, 0x1f,
    0xfe, 0x12, 0x0, 0xc7, 0x40, 0x1f, 0xfc, 0x56,
    0x0, 0x90, 0x3, 0xff, 0xc2, 0x80, 0x1c, 0xa8,
    0x1, 0xff, 0xc4, 0xd0, 0xc, 0xc0, 0x1f, 0xfe,
    0xb, 0x0, 0xf4, 0x80, 0x7f, 0xf1, 0x10, 0x3,
    0x40, 0x7, 0xff, 0x7d, 0x88, 0x3, 0xc4, 0x80,
    0x1f, 0xfc, 0x32, 0x50, 0x8, 0x6c, 0x3, 0xff,
    0xba, 0x72, 0x1, 0xfb, 0x40, 0x3f, 0xf8, 0x90,
    0x1, 0x92, 0x80, 0x3f, 0xfb, 0x67, 0xa0, 0x19,
    0x44, 0x2, 0x70, 0xf, 0xfe, 0x21, 0x40, 0x6,
    0x5d, 0x40, 0xf, 0xfe, 0xb8, 0xce, 0x8, 0x4,
    0x36, 0x80, 0x10, 0x80, 0x71, 0x4d, 0xdf, 0x52,
    0x80, 0x4e, 0xa0, 0x18, 0xaf, 0xa9, 0xdf, 0xff,
    0x91, 0x33, 0x43, 0xbf, 0xd1, 0x7c, 0xc0, 0x1d,
    0xa2, 0x40, 0x18, 0x80, 0x36, 0x32, 0x27, 0x2d,
    0x30, 0x5, 0x4a, 0x1, 0xc2, 0xb1, 0x1f, 0xfc,
    0x86, 0x69, 0xe2, 0x3e, 0x74, 0x0, 0xf5, 0x98,
    0x78, 0x6, 0x10, 0x8, 0xc4, 0x3, 0xf6, 0x0,
    0x6a, 0x70, 0xf, 0xfe, 0xf9, 0x6a, 0x0, 0x3c,
    0x3, 0x8, 0x4, 0x60, 0x1f, 0xda, 0x1, 0xd1,
    0xa8, 0x1, 0xff, 0xdb, 0x18, 0xd2, 0x0, 0x88,
    0x3, 0x10, 0x6, 0xb3, 0x22, 0xf3, 0xb8, 0x3,
    0xc5, 0x7b, 0x8, 0x20, 0x1f, 0xfd, 0x42, 0x5a,
    0xe7, 0x0, 0xe4, 0x0, 0x88, 0x3, 0x93, 0x37,
    0x7d, 0x0, 0x1f, 0xc4, 0xf7, 0xdf, 0xff, 0xfc,
    0x7e, 0x0, 0xc9, 0xff, 0xf6, 0xd2, 0x80, 0x79,
    0x4, 0x2, 0x40, 0xf, 0xff, 0x10, 0xa0, 0x4,
    0x88, 0x0, 0xff, 0xe1, 0xc8, 0x6, 0xd0, 0xf,
    0xff, 0x1f, 0x80, 0x6a, 0x10, 0xf, 0xfe, 0xc,
    0x90, 0x4, 0x48, 0x1, 0xff, 0xe3, 0x44, 0x0,
    0x43, 0x82, 0x1, 0xff, 0x3b, 0x0, 0x69, 0x0,
    0xff, 0xf2, 0xc8, 0x6, 0x2f, 0x50, 0xf, 0xc3,
    0x50, 0x1, 0x95, 0x0, 0x3f, 0xfc, 0xa5, 0x40,
    0x18, 0x6b, 0x5c, 0xc4, 0x9, 0x27, 0x94, 0x3,
    0x15, 0x0, 0x7f, 0xf9, 0xd6, 0x40, 0x38, 0xa3,
    0x3b, 0xf6, 0xd8, 0x3, 0x8b, 0x0, 0x3f, 0xfd,
    0x2d, 0x42, 0x1, 0xff, 0xc3, 0x4c, 0x10, 0xf,
    0xff, 0x52, 0xfa, 0x0, 0x7f, 0xf0, 0x6, 0x6c,
    0x40, 0x3f, 0xfc, 0x63, 0x7f, 0x84, 0x1, 0x86,
    0xf1, 0x84, 0x3, 0xe3, 0x9e, 0x60, 0xe, 0x7e,
    0xe2, 0x80, 0x7f, 0xf6, 0xc7, 0x10, 0xe, 0x0,
    0x3c, 0x73, 0xdb, 0x53, 0x13, 0x7d, 0x8c, 0x1,
    0xe2, 0x81, 0x15, 0x30, 0x7, 0xff, 0x64, 0x70,
    0x80, 0x26, 0x0, 0xfe, 0x25, 0x67, 0x64, 0x10,
    0xf, 0xc2, 0x1, 0xa5, 0x80, 0x3f, 0xfa, 0xe3,
    0x84, 0x1, 0xa4, 0x3, 0xff, 0x98, 0x64, 0x1,
    0xa5, 0xc0, 0x3f, 0xfa, 0xda, 0x40, 0x1a, 0x14,
    0x3, 0xff, 0x9b, 0x84, 0x1, 0xa1, 0x80, 0x3f,
    0xfa, 0x8a, 0x60, 0x19, 0xdc, 0x1, 0xff, 0xce,
    0x1c, 0x10, 0xd, 0x20, 0x1f, 0xfd, 0x97, 0x80,
    0xf, 0xfe, 0x1, 0x67, 0x40, 0x7, 0xff, 0x0,
    0x70, 0x40, 0x3f, 0xfb, 0xa, 0x40, 0x7, 0x80,
    0xf, 0xfe, 0xf, 0x98, 0xba, 0x80, 0x7f, 0xf0,
    0xb, 0x4, 0x1, 0x0, 0x1f, 0xfd, 0x5d, 0xbd,
    0x80, 0xf, 0xfe, 0x11, 0x0, 0x5a, 0x1, 0xff,
    0xc1, 0x2e, 0xbd, 0x70, 0xf, 0xfe, 0xb2, 0x10,
    0x7, 0xff, 0x1c, 0x40, 0x3f, 0xf8, 0x68, 0x40,
    0x1f, 0xff, 0xf0, 0xf, 0xff, 0xf8, 0x7, 0xff,
    0xfc, 0x3, 0xff, 0xd2, 0x20, 0x1f, 0xff, 0x93,
    0x0, 0xb4, 0x3, 0xff, 0xf3, 0xe4, 0xc, 0xa0,
    0x1f, 0xff, 0x93, 0xdf, 0x90, 0xf, 0xfe, 0x78,

    /* U+F07E "" */
    0x0, 0xff, 0xe8, 0x1b, 0x45, 0x5d, 0xd2, 0xe8,
    0x20, 0x1f, 0xff, 0x43, 0x9e, 0xc9, 0x75, 0x44,
    0x9a, 0x2f, 0xb1, 0x80, 0x3f, 0xfe, 0x7, 0x98,
    0x61, 0x0, 0xff, 0x8e, 0x79, 0xc0, 0x3f, 0xfd,
    0x83, 0x58, 0x60, 0x1f, 0xfc, 0x41, 0x8d, 0x30,
    0xf, 0xff, 0x49, 0xe2, 0x80, 0x7f, 0xf2, 0xb,
    0x1c, 0x3, 0xff, 0xce, 0x78, 0x40, 0x1f, 0xf0,
    0x80, 0x7f, 0xd1, 0x20, 0x1f, 0xfe, 0x54, 0xc0,
    0xf, 0xc9, 0x1b, 0xfe, 0xef, 0xeb, 0x61, 0x0,
    0xf9, 0xa8, 0x3, 0xff, 0xc6, 0x56, 0x1, 0xf3,
    0x6d, 0xb9, 0x0, 0x61, 0x49, 0xe9, 0x20, 0xf,
    0x2c, 0x0, 0x7f, 0xf8, 0xbc, 0x3, 0xc3, 0x92,
    0x40, 0x1f, 0xf3, 0x6b, 0x0, 0x79, 0xd4, 0x3,
    0xff, 0xc1, 0x44, 0x1, 0xc9, 0xe6, 0x1, 0xff,
    0xc3, 0x9a, 0x0, 0xf5, 0x8, 0x7, 0xff, 0x78,
    0xd4, 0x3, 0x8e, 0xc4, 0x3, 0xff, 0x8a, 0xb4,
    0x1, 0xe8, 0x0, 0xff, 0xef, 0x40, 0x7, 0x16,
    0x0, 0x7f, 0xf2, 0x16, 0x40, 0x39, 0x88, 0x3,
    0xff, 0xb8, 0x68, 0x1, 0xdc, 0x1, 0xff, 0xca,
    0x64, 0x0, 0xeb, 0x0, 0xff, 0xee, 0x50, 0x7,
    0x29, 0x80, 0x7f, 0xf2, 0xe4, 0x3, 0x9c, 0x3,
    0xff, 0xb8, 0x80, 0x1d, 0x20, 0x1f, 0xfc, 0xc2,
    0x50, 0xc, 0x26, 0x1, 0xff, 0xda, 0x32, 0x0,
    0xc6, 0x60, 0xf, 0xfe, 0x6f, 0x0, 0x77, 0xc3,
    0xb2, 0x8, 0x7, 0xff, 0x4d, 0xaf, 0x0, 0x39,
    0x0, 0x3f, 0xf9, 0xc8, 0x1, 0xc6, 0xf1, 0x37,
    0xda, 0xe2, 0x1, 0xff, 0xce, 0x6e, 0x94, 0x0,
    0xf6, 0x80, 0x7f, 0xf3, 0xcc, 0x3, 0xfc, 0x51,
    0xd2, 0x20, 0x1f, 0xfc, 0xa2, 0xd9, 0x10, 0xf,
    0xce, 0x1, 0xff, 0xcf, 0x50, 0xf, 0xfe, 0xb,
    0x7a, 0x80, 0x7f, 0xf2, 0x13, 0x48, 0x3, 0xfc,
    0x40, 0x1f, 0xfc, 0xfe, 0x0, 0xff, 0xe1, 0xd,
    0x40, 0x7, 0xff, 0x19, 0x2c, 0x3, 0xfe, 0x20,
    0xf, 0xfe, 0x81, 0x80, 0x7f, 0xf1, 0x1e, 0x40,
    0x3f, 0xf8, 0x87, 0x60, 0x1f, 0x14, 0x5f, 0x7e,
    0x80, 0x7f, 0xf4, 0x13, 0xff, 0xdb, 0x90, 0x60,
    0x1f, 0x33, 0x80, 0x7f, 0xf0, 0xf4, 0x3, 0xc3,
    0x5a, 0xe8, 0x20, 0x1f, 0xfd, 0x92, 0x37, 0xcb,
    0x30, 0xf, 0x41, 0x80, 0x7f, 0xf0, 0x64, 0x40,
    0x39, 0x39, 0x40, 0x3f, 0xfc, 0x29, 0x8c, 0x1,
    0xee, 0x0, 0xff, 0xe0, 0x1b, 0x0, 0x72, 0xd8,
    0x7, 0xff, 0x96, 0x5c, 0x3, 0x89, 0x80, 0x3f,
    0xe9, 0x0, 0xe2, 0xa0, 0xf, 0xff, 0x3c, 0x28,
    0x7, 0x40, 0x7, 0xf8, 0x54, 0x3, 0xbc, 0x3,
    0xff, 0xd3, 0x42, 0x1, 0x85, 0x0, 0x3f, 0x90,
    0x3, 0x94, 0x80, 0x3f, 0xfd, 0x50, 0x1, 0xda,
    0x1, 0xfd, 0x80, 0x1d, 0x20, 0x1f, 0xfe, 0xb6,
    0x0, 0xe4, 0x0, 0xfe, 0x40, 0xe, 0x30, 0xf,
    0xff, 0x62, 0x0, 0x62, 0x0, 0xfe, 0x30, 0xc,
    0x60, 0x1f, 0xfe, 0xd3, 0x0, 0xe1, 0x0, 0xfc,
    0x20, 0x19, 0xc0, 0x3f, 0xfd, 0xbe, 0x1, 0xc6,
    0x1, 0xff, 0xff, 0x0, 0xff, 0xe2, 0x38, 0x7,
    0xff, 0xb7, 0xc0, 0x38, 0xc0, 0x3f, 0x10, 0x6,
    0x30, 0xf, 0xff, 0x69, 0x80, 0x70, 0x80, 0x7e,
    0x70, 0xe, 0x30, 0xf, 0xff, 0x62, 0x0, 0x62,
    0x0, 0xfe, 0xd0, 0xe, 0xa0, 0xf, 0xff, 0x5b,
    0x0, 0x72, 0x0, 0x7f, 0x28, 0x7, 0x31, 0x0,
    0x7f, 0xfa, 0xac, 0x3, 0xb0, 0x3, 0xf8, 0x8c,
    0x3, 0xb8, 0x3, 0xff, 0xd3, 0x4, 0x1, 0x85,
    0x40, 0x3f, 0xd0, 0x1, 0xc7, 0x20, 0x1f, 0xfe,
    0x75, 0x70, 0xe, 0x90, 0xf, 0xf9, 0x10, 0x1,
    0xcd, 0x40, 0x1f, 0xfe, 0x56, 0xa0, 0xe, 0x27,
    0x0, 0xff, 0xe0, 0x48, 0x7, 0x97, 0xc, 0x3,
    0xff, 0xc2, 0x35, 0x20, 0x1e, 0x90, 0xf, 0xfe,
    0x9, 0x50, 0x7, 0x8f, 0x2d, 0x88, 0x3, 0xff,
    0xb6, 0x4b, 0x5c, 0xa0, 0x1e, 0x15, 0x0, 0xff,
    0xe1, 0x2c, 0x80, 0x7c, 0x93, 0xbf, 0xff, 0xfd,
    0xbd, 0xa5, 0x0, 0xfc, 0x3e, 0xa0, 0x1f, 0xfc,
    0x26, 0x90, 0xf, 0xff, 0x80, 0xd6, 0xb0, 0x80,
    0x7f, 0xf0, 0x1b, 0x4, 0x3, 0xff, 0xd5, 0x4,
    0x1, 0x8a, 0x7b, 0x99, 0x52, 0xc0, 0x1f, 0x8f,
    0x98, 0x3, 0xff, 0xce, 0x9a, 0xfa, 0xa0, 0x1e,
    0x13, 0x56, 0x90, 0xf, 0xf4, 0xf3, 0x88, 0x7,
    0xff, 0x89, 0x72, 0xc8, 0x1, 0x56, 0x40, 0x1f,
    0xfc, 0x81, 0x8e, 0xd9, 0x75, 0x5f, 0xfe, 0x5a,
    0x0, 0x61, 0x55, 0xff, 0x3c, 0x67, 0xd1, 0x80,
    0x72, 0x6d, 0xa8, 0x7, 0xff, 0x24, 0x9a, 0x2a,
    0xbf, 0xf9, 0x76, 0x1, 0x8a, 0xab, 0xfd, 0xe,
    0x60, 0x1f, 0xe4, 0xaf, 0xb5, 0x0, 0xff, 0xf2,
    0x90, 0x7, 0xff, 0x39, 0x30, 0x2, 0x10, 0xf,
    0xfe, 0xe9, 0x0, 0x42, 0x20, 0xf, 0xfe, 0x76,
    0x0, 0x44, 0x1, 0xff, 0xdd, 0x70, 0xc, 0xa0,
    0x1f, 0xfc, 0xe5, 0x0, 0x94, 0x3, 0xff, 0xbb,
    0x80, 0x1b, 0x80, 0x3f, 0xf9, 0xaa, 0x1, 0xbc,
    0x3, 0xff, 0xba, 0xe0, 0x19, 0x44, 0x3, 0xff,
    0x99, 0x0, 0x19, 0xc0, 0x3f, 0xfb, 0xa2, 0x80,
    0x1a, 0x0, 0x3f, 0xf9, 0x6c, 0x40, 0x12, 0x8,
    0x7, 0xff, 0x7b, 0xc0, 0x33, 0x20, 0x7, 0xff,
    0x24, 0xa4, 0x3, 0x78, 0x7, 0xff, 0x7d, 0xc,
    0x3, 0x50, 0x80, 0x7f, 0xf1, 0xc7, 0xc0, 0x31,
    0xa0, 0x7, 0xff, 0x83, 0xc0, 0x30, 0xe0, 0x80,
    0x7f, 0xf1, 0x47, 0x8, 0x3, 0x70, 0x7, 0xff,
    0x84, 0xdc, 0x3, 0x16, 0x10, 0x7, 0xff, 0xc,
    0xf0, 0x80, 0x34, 0x10, 0x7, 0xff, 0x8a, 0x10,
    0x3, 0x16, 0xb8, 0x7, 0xff, 0x6, 0x30, 0x80,
    0x32, 0x38, 0x7, 0xff, 0x92, 0xcc, 0x3, 0xa3,
    0xa0, 0x80, 0x3e, 0x28, 0xe7, 0x0, 0xe3, 0xb0,
    0xf, 0xff, 0x36, 0x20, 0x7, 0xb, 0xef, 0x5c,
    0xc4, 0xdf, 0x6b, 0x88, 0x7, 0x2e, 0x0, 0x7f,
    0xfa, 0x2d, 0xc0, 0x3e, 0x14, 0x67, 0x64, 0x10,
    0xf, 0xa2, 0x80, 0x3f, 0xfd, 0x51, 0x86, 0x1,
    0xff, 0xc5, 0x3d, 0x70, 0xf, 0xff, 0x61, 0xe5,
    0xa0, 0x7, 0xff, 0x5, 0x2f, 0x8, 0x3, 0xff,
    0xde, 0x97, 0xd2, 0xa6, 0x1, 0xc4, 0xd3, 0xd6,
    0x80, 0x1f, 0xff, 0x31, 0x6a, 0xcf, 0xfe, 0xd9,
    0x61, 0x0, 0xff, 0xe0, 0x80,

    /* U+F086 "" */
    0x0, 0xff, 0xf3, 0x2c, 0xe7, 0x7f, 0x6d, 0xc2,
    0x0, 0x7f, 0xfc, 0x12, 0xbe, 0x98, 0xc4, 0x4,
    0x91, 0xef, 0xe8, 0x40, 0x3f, 0xfd, 0x65, 0x76,
    0x50, 0xf, 0xfe, 0x2, 0x98, 0x7, 0xff, 0xa9,
    0xb5, 0x0, 0x3f, 0xf8, 0x42, 0x40, 0x1f, 0xfe,
    0x99, 0x90, 0x7, 0xff, 0x11, 0x40, 0x3f, 0xfd,
    0x32, 0xc0, 0x1f, 0xc4, 0x64, 0x1, 0xc6, 0x1,
    0xff, 0xe8, 0x76, 0x0, 0xf9, 0x6f, 0xf7, 0x38,
    0x3, 0xbc, 0x3, 0xff, 0xb2, 0x6f, 0x7b, 0xff,
    0xbb, 0x25, 0x44, 0xe, 0x0, 0x3c, 0x9b, 0x48,
    0x1, 0x8, 0x7, 0xff, 0x70, 0x5f, 0x72, 0x10,
    0x80, 0x30, 0x9b, 0x57, 0x57, 0x0, 0x7a, 0x2c,
    0x80, 0x38, 0xc0, 0x3b, 0xc0, 0x3f, 0xfa, 0xb1,
    0xd0, 0x40, 0x1f, 0xfc, 0x15, 0x20, 0xe, 0x97,
    0x0, 0xf8, 0x40, 0x38, 0xc0, 0x3f, 0xfa, 0x69,
    0xce, 0x1, 0xff, 0xca, 0x76, 0x0, 0xfe, 0x30,
    0xc, 0x80, 0x1f, 0xfd, 0x27, 0xb1, 0x0, 0xff,
    0xe5, 0xc8, 0x7, 0xf9, 0x0, 0x39, 0x80, 0x3f,
    0xfa, 0x13, 0x0, 0x1f, 0xc2, 0x6a, 0xc8, 0x40,
    0x1f, 0xec, 0x10, 0xf, 0xea, 0x0, 0xe8, 0x0,
    0xff, 0xe7, 0xcb, 0x0, 0x7c, 0x71, 0xbd, 0x95,
    0x37, 0xbf, 0x48, 0x1, 0xf1, 0x60, 0x80, 0x7e,
    0x23, 0x0, 0xc3, 0x0, 0x1f, 0xfc, 0xd6, 0x60,
    0x7, 0x8b, 0x30, 0xe4, 0x1, 0xf2, 0xde, 0xa0,
    0x7, 0x8b, 0x40, 0x3f, 0xa4, 0x3, 0x9d, 0x0,
    0x3f, 0xf9, 0x67, 0x20, 0x1e, 0x7d, 0x30, 0xf,
    0xfe, 0x1, 0x5c, 0x80, 0x78, 0xe0, 0x3, 0xf2,
    0x98, 0x7, 0x5a, 0x80, 0x7f, 0xf2, 0xb8, 0x3,
    0xd3, 0x0, 0x1f, 0xfc, 0x46, 0xb0, 0xf, 0x39,
    0x80, 0x7e, 0xf0, 0xf, 0x54, 0x88, 0x7, 0xff,
    0x1d, 0xc8, 0x3, 0xa1, 0x80, 0x3f, 0xf8, 0xc9,
    0x60, 0x1e, 0xf0, 0xf, 0xc7, 0x0, 0x1e, 0x6f,
    0x82, 0x0, 0xff, 0xe2, 0xc8, 0x7, 0x2b, 0x80,
    0x7f, 0xf2, 0x12, 0x40, 0x38, 0xd0, 0x3, 0xf3,
    0xa8, 0x7, 0x85, 0xf7, 0x18, 0x3, 0xff, 0x84,
    0xa2, 0x1, 0x86, 0xc0, 0x3f, 0xf9, 0x4c, 0x60,
    0x1d, 0xc0, 0x1f, 0xd4, 0xa0, 0x1f, 0x8e, 0x54,
    0x3, 0xff, 0x83, 0xc0, 0x1d, 0x2, 0x1, 0xff,
    0xcb, 0xf0, 0xe, 0x50, 0xf, 0xf5, 0x38, 0x7,
    0xf2, 0x0, 0x7f, 0xf0, 0x50, 0x3, 0xb, 0x0,
    0x7f, 0xf3, 0xc, 0xc0, 0x1c, 0x80, 0x1f, 0xe8,
    0xb2, 0x0, 0xf1, 0x88, 0x7, 0xfc, 0x30, 0x1,
    0xce, 0x1, 0xff, 0xce, 0xa0, 0xe, 0xbf, 0xdc,
    0xa6, 0x20, 0xe, 0x4d, 0x50, 0xe, 0xb0, 0xf,
    0xf3, 0x67, 0x38, 0x7, 0x68, 0x7, 0xff, 0x39,
    0x0, 0x3e, 0x23, 0x59, 0xdd, 0x28, 0x6, 0x15,
    0x0, 0xe5, 0x0, 0xfc, 0xbb, 0x26, 0x1, 0xf2,
    0x80, 0x7f, 0xf3, 0x88, 0x3, 0xff, 0x80, 0x55,
    0xa6, 0x0, 0xb0, 0xe, 0x32, 0x0, 0xfa, 0x68,
    0x80, 0x3f, 0x84, 0x3, 0xff, 0x9e, 0x60, 0x1f,
    0xfc, 0x12, 0xc6, 0x85, 0x0, 0xe9, 0x0, 0xfb,
    0x18, 0x3, 0xfc, 0x40, 0x1f, 0xfd, 0x6, 0x0,
    0xff, 0xe1, 0xcb, 0x80, 0x71, 0xa8, 0x7, 0xac,
    0xc0, 0x3f, 0x8d, 0x14, 0x3, 0xff, 0xa1, 0x86,
    0x7e, 0x20, 0xf, 0xfe, 0x1f, 0x0, 0x7a, 0x50,
    0x3, 0xc2, 0xfb, 0xf9, 0x70, 0x1, 0xff, 0xd0,
    0x6c, 0xcf, 0x6f, 0xe3, 0x0, 0x7f, 0xd2, 0x40,
    0x1c, 0x8c, 0x1, 0xe6, 0xf8, 0x20, 0xf, 0xfe,
    0xe9, 0xcf, 0x28, 0x7, 0xe8, 0x60, 0xf, 0x50,
    0x7, 0xaa, 0x44, 0x3, 0xff, 0xc2, 0x34, 0xe0,
    0x1e, 0x17, 0x0, 0xf3, 0x8, 0x7, 0x52, 0x80,
    0x7f, 0xf9, 0x61, 0xc0, 0x38, 0x54, 0x3, 0xd6,
    0x1, 0xce, 0xa0, 0x1f, 0xfe, 0x78, 0x50, 0xe,
    0x90, 0xe, 0x32, 0x0, 0xc3, 0x0, 0x1f, 0xfe,
    0x9b, 0x0, 0xe3, 0x20, 0xc, 0x80, 0x1d, 0x20,
    0x1f, 0xfe, 0xa1, 0x60, 0xe, 0x40, 0xd, 0x80,
    0x1c, 0xa0, 0x1f, 0xfe, 0xbd, 0x0, 0xec, 0x0,
    0xcc, 0x1, 0x84, 0x80, 0x3f, 0xfd, 0x68, 0x1,
    0xcc, 0x1, 0x8c, 0x3, 0x10, 0x7, 0xff, 0xb4,
    0x40, 0x31, 0x0, 0x61, 0x0, 0xce, 0x1, 0xff,
    0xed, 0x20, 0xf, 0xfe, 0x13, 0x80, 0x7f, 0xfb,
    0x48, 0x3, 0x18, 0x6, 0x20, 0xc, 0x40, 0x1f,
    0xfe, 0xd1, 0x0, 0xc2, 0x1, 0x98, 0x3, 0x9,
    0x0, 0x7f, 0xfa, 0xcc, 0x3, 0x98, 0x3, 0x18,
    0x7, 0x28, 0x7, 0xff, 0xae, 0xc0, 0x3b, 0x0,
    0x35, 0x80, 0x74, 0x80, 0x7f, 0xfa, 0x85, 0xc0,
    0x39, 0x0, 0x31, 0x88, 0x6, 0x18, 0x0, 0xff,
    0xf4, 0xc0, 0x7, 0x19, 0x0, 0x74, 0x80, 0x73,
    0xa8, 0x7, 0xff, 0x9d, 0x58, 0x3, 0xa4, 0x3,
    0xce, 0x20, 0x1d, 0x48, 0x1, 0xff, 0xe5, 0x5a,
    0x0, 0xe2, 0x50, 0xf, 0xac, 0x3, 0xd6, 0xe0,
    0x1f, 0xfe, 0x37, 0xa0, 0xf, 0x70, 0x7, 0xe5,
    0x50, 0x7, 0xa3, 0x54, 0x3, 0xff, 0xbc, 0x2b,
    0xb0, 0x1, 0xe7, 0x30, 0xf, 0xea, 0x30, 0xf,
    0x15, 0x7e, 0x54, 0xcf, 0xff, 0x66, 0xb3, 0xa8,
    0x80, 0x3c, 0xb0, 0x1, 0xff, 0x69, 0x80, 0x7e,
    0x35, 0x66, 0xff, 0xec, 0xa9, 0x80, 0x7e, 0x5a,
    0x0, 0xff, 0xe0, 0xe, 0x28, 0x7, 0xff, 0xad,
    0xe8, 0x3, 0xff, 0x87, 0x54, 0x10, 0xf, 0xff,
    0x39, 0x5c, 0x0, 0x7f, 0xf1, 0x57, 0xa0, 0x40,
    0x3f, 0xfc, 0x65, 0x3a, 0x80, 0x1f, 0xfc, 0x87,
    0xec, 0x74, 0x10, 0xf, 0xfe, 0xd9, 0x24, 0x66,
    0xb0, 0x7, 0xff, 0x4
};


/*---------------------
 *  GLYPH DESCRIPTION
 *--------------------*/

static const lv_font_fmt_txt_glyph_dsc_t glyph_dsc[] = {
    {.bitmap_index = 0, .adv_w = 0, .box_w = 0, .box_h = 0, .ofs_x = 0, .ofs_y = 0} /* id = 0 reserved */,
    {.bitmap_index = 0, .adv_w = 1434, .box_w = 90, .box_h = 71, .ofs_x = 0, .ofs_y = -1},
    {.bitmap_index = 1042, .adv_w = 1566, .box_w = 98, .box_h = 81, .ofs_x = 0, .ofs_y = -11},
    {.bitmap_index = 2065, .adv_w = 1439, .box_w = 90, .box_h = 90, .ofs_x = 0, .ofs_y = -20},
    {.bitmap_index = 3533, .adv_w = 1434, .box_w = 90, .box_h = 90, .ofs_x = 0, .ofs_y = -20},
    {.bitmap_index = 4908, .adv_w = 1432, .box_w = 90, .box_h = 89, .ofs_x = 0, .ofs_y = -19},
    {.bitmap_index = 6227, .adv_w = 1271, .box_w = 80, .box_h = 74, .ofs_x = 0, .ofs_y = -5},
    {.bitmap_index = 7310, .adv_w = 1134, .box_w = 71, .box_h = 72, .ofs_x = 0, .ofs_y = -12},
    {.bitmap_index = 8185, .adv_w = 1438, .box_w = 90, .box_h = 89, .ofs_x = 0, .ofs_y = -19},
    {.bitmap_index = 9658, .adv_w = 756, .box_w = 48, .box_h = 49, .ofs_x = 0, .ofs_y = 0},
    {.bitmap_index = 10204, .adv_w = 1141, .box_w = 72, .box_h = 52, .ofs_x = 0, .ofs_y = 0},
    {.bitmap_index = 10922, .adv_w = 1146, .box_w = 72, .box_h = 71, .ofs_x = 0, .ofs_y = -19},
    {.bitmap_index = 12035, .adv_w = 1147, .box_w = 72, .box_h = 72, .ofs_x = 0, .ofs_y = -20},
    {.bitmap_index = 13086, .adv_w = 1149, .box_w = 72, .box_h = 71, .ofs_x = 0, .ofs_y = -19},
    {.bitmap_index = 14087, .adv_w = 1144, .box_w = 72, .box_h = 72, .ofs_x = 0, .ofs_y = -20},
    {.bitmap_index = 15256, .adv_w = 1316, .box_w = 83, .box_h = 67, .ofs_x = 0, .ofs_y = -10},
    {.bitmap_index = 16012, .adv_w = 1270, .box_w = 81, .box_h = 43, .ofs_x = -1, .ofs_y = 0},
    {.bitmap_index = 16335, .adv_w = 1307, .box_w = 82, .box_h = 64, .ofs_x = 0, .ofs_y = -1},
    {.bitmap_index = 17204, .adv_w = 1293, .box_w = 81, .box_h = 72, .ofs_x = 0, .ofs_y = -10},
    {.bitmap_index = 18085, .adv_w = 757, .box_w = 51, .box_h = 65, .ofs_x = -1, .ofs_y = -10},
    {.bitmap_index = 18920, .adv_w = 1179, .box_w = 74, .box_h = 65, .ofs_x = 0, .ofs_y = -10},
    {.bitmap_index = 19776, .adv_w = 1218, .box_w = 78, .box_h = 68, .ofs_x = -1, .ofs_y = -8},
    {.bitmap_index = 20621, .adv_w = 1158, .box_w = 73, .box_h = 55, .ofs_x = 0, .ofs_y = 0}
};

/*---------------------
 *  CHARACTER MAPPING
 *--------------------*/

static const uint16_t unicode_list_0[] = {
    0x0, 0x1, 0x6, 0x7, 0x8, 0xa, 0xb, 0xe,
    0x2c, 0x2f, 0x34, 0x35, 0x36, 0x39, 0x48, 0x4e,
    0x4f, 0x50, 0x78, 0x7b, 0x7c, 0x84
};

/*Collect the unicode lists and glyph_id offsets*/
static const lv_font_fmt_txt_cmap_t cmaps[] =
{
    {
        .range_start = 61442, .range_length = 133, .glyph_id_start = 1,
        .unicode_list = unicode_list_0, .glyph_id_ofs_list = NULL, .list_length = 22, .type = LV_FONT_FMT_TXT_CMAP_SPARSE_TINY
    }
};



/*--------------------
 *  ALL CUSTOM DATA
 *--------------------*/

#if LVGL_VERSION_MAJOR == 8
/*Store all the custom data of the font*/
static  lv_font_fmt_txt_glyph_cache_t cache;
#endif

#if LVGL_VERSION_MAJOR >= 8
static const lv_font_fmt_txt_dsc_t font_dsc = {
#else
static lv_font_fmt_txt_dsc_t font_dsc = {
#endif
    .glyph_bitmap = glyph_bitmap,
    .glyph_dsc = glyph_dsc,
    .cmaps = cmaps,
    .kern_dsc = NULL,
    .kern_scale = 0,
    .cmap_num = 1,
    .bpp = 4,
    .kern_classes = 0,
    .bitmap_format = 1,
#if LVGL_VERSION_MAJOR == 8
    .cache = &cache
#endif
};



/*-----------------
 *  PUBLIC FONT
 *----------------*/

/*Initialize a public general font descriptor*/
#if LVGL_VERSION_MAJOR >= 8
const lv_font_t font_weather_icons_64 = {
#else
lv_font_t font_weather_icons_64 = {
#endif
    .get_glyph_dsc = lv_font_get_glyph_dsc_fmt_txt,    /*Function pointer to get glyph's data*/
    .get_glyph_bitmap = lv_font_get_bitmap_fmt_txt,    /*Function pointer to get glyph's bitmap*/
    .line_height = 90,          /*The maximum line height required by the font*/
    .base_line = 20,             /*Baseline measured from the bottom of the line*/
#if !(LVGL_VERSION_MAJOR == 6 && LVGL_VERSION_MINOR == 0)
    .subpx = LV_FONT_SUBPX_NONE,
#endif
#if LV_VERSION_CHECK(7, 4, 0) || LVGL_VERSION_MAJOR >= 8
    .underline_position = -3,
    .underline_thickness = 2,
#endif
    .dsc = &font_dsc,          /*The custom font data. Will be accessed by `get_glyph_bitmap/dsc` */
#if LV_VERSION_CHECK(8, 2, 0) || LVGL_VERSION_MAJOR >= 9
    .fallback = NULL,
#endif
    .user_data = NULL,
};



#endif /*#if FONT_WEATHER_ICONS_64*/

